APIé“¾æŽ¥,Update_Time,Author,APIåç§°,APIæè¿°,API Popularity,API Latency,API Service Level
https://rapidapi.com/Top-Rated/api/e-mail-check-invalid-or-disposable-domain/,2023-01, Top-Rated ,E-mail Check Invalid or Disposable Domain,"Easily check if a certain e-mail address is valid. Is it a valid domain? Is the e-mail a temporary/disposable e-mail? That's a common indicator of spamming/trolling, so now there's an API for you so you can easily block it!",9.9,395 ms,100%
https://rapidapi.com/thecity2538/api/taobao-tmall-16881/,2023-11, API TAOBAO ,Taobao Tmall 1688,"Taobao Tmall 1688 item detail. get item detail form id, full url, share text eg m.tb.cn, qr.1688.com",9.8,"2,769 ms",99%
https://rapidapi.com/kangazib/api/tokopediaapi/,2023-06, kangazib ,TokopediaApi,Search & Product Details Api,9.6,816 ms,100%
https://rapidapi.com/idfy-idfy-default/api/rc-verification/,2023-07, IDfy ,RC Verification,This API is used to verify Vehicle Registration Certificate (RC) number against Vahan vehicle database.,9.6,126 ms,100%
https://rapidapi.com/perodriguezl/api/u-s-a-sales-taxes-per-zip-code/,2023-01, Pedro Rodriguez ,U.S.A Sales Taxes per Zip Code,United states of America sales taxes rates per zip/postal codes,9.6,194 ms,100%
https://rapidapi.com/idfy-idfy-default/api/face-compare1/,2023-01, IDfy ,Face Compare,This API compares and finds similarity between 2 face images. This is used to authenticate a person and detect an impersonation scenario.,9.5,124 ms,100%
https://rapidapi.com/apiguruc-apiguruc-default/api/taobao-scaper/,2023-07, APIGuruC ,Taobao Scaper,Reliable access to Taobao data,9.5,"2,273 ms",100%
https://rapidapi.com/idfy-idfy-default/api/gst-verification/,2023-01, IDfy ,GST Verification,Used to verify GST certificates of merchants and vendors.,9.5,"1,608 ms",100%
https://rapidapi.com/kaushiksheel9/api/shoes-collections/,2023-03, Kaushik ,Shoes collections,This api provides you 30 random shoes ..,9.7,"24,158 ms",94%
https://rapidapi.com/freegeoipapp/api/free-geo-ip/,2023-01, FreeGeoIP.app ,Free Geo IP,FreeGeoIP.app - Get Free Geo IP Information,9.7,60 ms,100%
https://rapidapi.com/iddogino1/api/my-store2/,2023-01, Iddo Gino ,My Store,My Store API,9.8,581 ms,100%
https://rapidapi.com/ruamazi/api/ebay-search-result/,2023-10, ruamazi ,Ebay Search Result,"API Returns necessary information from Ebay search page results, such as the price, title, shipping cost and direct url to the product",9.5,"13,794 ms",94%
https://rapidapi.com/JesutoniAderibigbe/api/cartify/,2023-04, JesutoniAderibigbe ,Cartify,"Welcome to our e-commerce API! Our API is designed to make it easy for you to build and manage your online store and also build projects you can show on your porfolio. With our API, you can create products, manage orders, track shipments, and more. Our API is built on modern technologies and is easy to integrate with your existing systems. Our API provides a secure and reliable platform for your e-commerce needs. You can trust us to keep your data safe and secure. We also provide a range of ...",9.5,"1,260 ms",97%
https://rapidapi.com/chrislim/api/fraud-prevention-web-service/,2023-01, Chris Lim ,Fraud Prevention Web Service,"This API help you to screen an order to detect the degree of credit card fraud, and therefore protect your business order from losses due to chargebacks. The accuracy depends on the number of parameters and previous feedback. The more details & feedback supplied, the higher number of accuracy in return. Please visit http://www.fraudlabspro.com/developer/api for the API details.",8.5,26 ms,100%
https://rapidapi.com/idfy-idfy-default/api/aadhaar-masking/,2023-01, IDfy ,Aadhaar Masking,This endpoint allows you to mask the first 8 digits of Aadhaar number on an Aadhaar card image. It returns the image with masked Aadhaar number in real-time.,8.7,964 ms,100%
https://rapidapi.com/kangazib/api/shopeeapi2/,2023-07, kangazib ,ShopeeApi,Shopee product search api & product details api,9.4,363 ms,92%
https://rapidapi.com/leolmf1/api/price-guide-mx/,2023-09, Lorenzo Martinez ,Price Guide MX,"Discover the best deals in Mexico with Price Guide MX! Our innovative API retrieves and compares product prices from major retail chains, helping you save money on your purchases. Try Price Guide MX today and shop smarter!",8.5,588 ms,40%
https://rapidapi.com/Agungkes/api/tokopedia4/,2023-10, agungkes ,Tokopedia,"Introducing our API service for Tokopedia.com on RapidAPI! Our API allows you to easily retrieve data from Tokopedia's vast product catalog and access information about sellers on the platform. With just a few lines of code, you can fetch details about products, including title, price, description, and images, as well as information about sellers, such as their username, rating, and location. Seamlessly integrate this data into your own applications, websites, or tools to enhance your e-comme...",8.6,805 ms,90%
https://rapidapi.com/jaysbum/api/taobao-image-search2/,2023-09, Chatujak Chaiyong ,Taobao Image Search,search Taobao Tmall 1688 from image search feature,8.8,"7,183 ms",57%
https://rapidapi.com/kimchun/api/taobao-tmall-realtime-scraper/,2023-10, kimchun ,taobao tmall realtime scraper,"update 09/22/2023 welcome free plan service. we provide item detail by item_id and promotion price, description, image on realtime scraping",9.2,255 ms,100%
https://rapidapi.com/cohenfamily887-7qab_JqueVC/api/retail-store-product-information/,2023-01, cohen family ,Retail Store Product Information,Provide real-time product information from multiple retailers,9.1,"2,386 ms",100%
https://rapidapi.com/felixeschmittfes/api/ebay32/,2023-04, Felix Schmitt ,Ebay,Get Products from Ebay (Unofficial),9.4,"2,702 ms",100%
https://rapidapi.com/tombatron/api/bin-packer/,2023-01, tombatron ,Bin Packer,Use this API to specify containers and items to pack within those containers. Intended to be a quick and easy bin packing API.,8.5,"1,241 ms",100%
https://rapidapi.com/georgekhananaev/api/aliexpress-true-api/,2023-05, georgekhananaev ,Aliexpress True API,"Fetching data from AliExpress instantly using an powerful oracle server. If there will be high demand, I will set up multiple servers in different regions with a load balancer to ensure fast and reliable service. Rest assured, the service will be fast and reliable with no down times.",9.1,"67,601 ms",43%
https://rapidapi.com/ashutosh05/api/gst-details-api-documentation/,2023-03, CodeWithAshu ,GST Details API Documentation,get data from GST and also get owner details,9.3,"2,953 ms",100%
https://rapidapi.com/DaddyApi/api/check-credit-card/,2023-02, DaddyApi ,Check Credit Card,"Introducing DaddyAPI's Credit Card Validation API - a fast and efficient solution for verifying the validity of credit card numbers. This API utilizes advanced algorithms and real-time updates to validate credit card numbers, ensuring that they are genuine and belong to a real issuer. The API is designed to be easy to integrate into your existing system, providing instant results with a simple API call. Whether you're an e-commerce platform, a payment gateway, or any other business that needs...",9.2,209 ms,100%
https://rapidapi.com/nguoithomo2030-rllPRPCwI0v/api/etsy-product/,2023-01, ThÃ¹y Linh Nguyá»…n ,Etsy Product,"Etsy product API, Cached and Realtime data",9.2,411 ms,100%
https://rapidapi.com/jaysbum/api/taobao-product-api/,2023-09, Chatujak Chaiyong ,Taobao Product API,product item and search for taobao.com tmall.com 1688.com alibaba.com,9.2,"2,378 ms",92%
https://rapidapi.com/peekdomainapi/api/check-disposable-email/,2023-06, Ahmet Sen ,Check Disposable Email,"Easily check if a certain e-mail address is valid. Is it a valid domain? Is the e-mail a temporary/disposable e-mail? Thatâ€™s a common indicator of spamming/trolling, so now thereâ€™s an API for you so you can easily block it!",8.8,"2,476 ms",92%
https://rapidapi.com/Chyper00/api/ia-img-code/,2023-09, Diego ,ia-img-code,"This API allows developers to generate, scan, and parse barcodes. The /generate endpoint allows users to create barcodes in a variety of formats including Code 128, EAN-13, and QR Code. Users can also specify custom options such as scale, height, and file format. The /scan and /parseBase64 endpoints allow users to scan and parse barcodes from images. This API is built with Node.js and TypeScript, and is designed to be easy to use and integrate with existing applications. It's perfect for deve...",8.6,269 ms,100%
https://rapidapi.com/idfy-idfy-default/api/verification-solutions/,2023-01, IDfy ,Verification Solutions,IDfyâ€™s Verification Solutions allow you to perform real-time verification of users and merchants directly from the originating government databases.,9.4,116 ms,100%
https://rapidapi.com/gustavogow1992/api/domicilio-computel/,2023-01, gustavogow1992 ,DOMICILIO COMPUTEL,CONSULTA DE CODIGOS POSTALES MEXICO,8.6,265 ms,100%
https://rapidapi.com/idfy-idfy-default/api/fssai-license-verification/,2023-01, IDfy ,FSSAI License Verification,Used to check if the vendor has a valid fssai certificate to produce and sell food and beverages.,8.8,338 ms,100%
https://rapidapi.com/idfy-idfy-default/api/india-pan-card-ocr/,2023-01, IDfy ,India - Pan card OCR,This API allows you to extract text from an image of a PAN card.,9.4,"3,307 ms",100%
https://rapidapi.com/localpearuk/api/uk-supermarkets-product-pricing/,2023-03, Pear Data ,UK Supermarkets Product Pricing,"Get real time pricing for all groceries, food, drinks and products from all UK supermarkets and online stores.",9.3,55 ms,100%
https://rapidapi.com/way2risetech/api/gst-advance/,2023-02, way2risetech ,GST advance,get data from GST and also get owner details with Turnover details,9.4,490 ms,100%
https://rapidapi.com/alexandreferreiragames/api/pt-supermarkets-product-pricing/,2023-09, Alexandre Ferreira ,PT Supermarkets Product Pricing,"Get real time pricing for all groceries, food, drinks and products from PT supermarkets",9.1,871 ms,95%
https://rapidapi.com/orkiv/api/inventory-and-ecommerce-hosted-and-self-hosted-solution/,2023-01, orkiv ,Inventory and eCommerce hosted and self-hosted solution,"Use this API to establish an omni channel eCommerce website with a full front end JS GUI to interact with it. Customize the way your inventory data is displayed on your website. Automate invoice processing, merchant API integration and item shipment label creator. Join now on https://orkiv.com/inventory/inventory.html",8.7,88 ms,100%
https://rapidapi.com/diffion/api/27coupons/,2023-01, diffion ,27coupons,"27coupons is one of the largest aggregators of coupons and deals data of India. We have been successfully running our website www.27coupons.com since July 2011. Our API framework offers access to data allowing developers to build upon and extend their applications in new and creative ways. Our APIs are constantly evolving and developing as per the industry standards. Our API framework is built upon REST architecture drawing inspiration from API frameworks of leading websites such as Twitter, Facebook and Salesforce. We support GET and POST methods of http for making API calls to our server. Some methods require you to use POST methods only. We are coming up with new version of API in May 2015.",9.3,429 ms,100%
https://rapidapi.com/neutrinoapi/api/bin-lookup/,2023-01, NeutrinoAPI.com ,BIN Lookup,"Perform a BIN (Bank Identification Number) or IIN (Issuer Identification Number) lookup. This API is ideal for fraud protection systems and payment analysis. Our BIN database is comprehensive and covers all countries, we update it on a regular basis as new cards are issued. This API also includes some extra fraud detection measures if a customer IP address is passed in. In this mode the API will also perform IP geolocation and IP blocklist lookups. Please Note: processing and transmitting...",9.4,298 ms,100%
https://rapidapi.com/argaam-dot-com-data-apis/api/argaam-data-apis-free/,2023-01, Argaam.com ,Argaam Data APIs Free,Free APIs By Argaam,9.1,389 ms,100%
https://rapidapi.com/aimoda-aimoda/api/ppp-calculator2/,2023-01, aimoda ,PPP Calculator,Purchasing Power Parity (PPP) Calculator,8.5,450 ms,100%
https://rapidapi.com/soyamchinglemba/api/amazon_api/,2023-06, Soyam Chinglemba ,Amazon_API,Amazon_API,9.0,877 ms,100%
https://rapidapi.com/ecombr-ecombr-default/api/sandbox-ecombr-com-04-orders/,2023-01, ecombr ,sandbox ecombr com - 04 orders,sandbox.ecombr.com - 04 orders,8.8,"1,667 ms",100%
https://rapidapi.com/ecombr-ecombr-default/api/sandbox-ecombr-com-01-products/,2023-01, ecombr ,sandbox ecombr com - 01 products,sandbox.ecombr.com - 01 products,8.5,"1,795 ms",100%
https://rapidapi.com/lhatr1ckl/api/resumeapi/,2023-01, Ð’Ð¸Ñ‚Ð°Ð»Ð¸Ð¹ ÐžÐ²Ð¾Ð´Ð¾Ð²ÑÐºÐ¸Ð¹ ,resumeAPI,Bunch of mein seld descriptions?,8.8,223 ms,100%
https://rapidapi.com/interzoid/api/real-time-currency-rates/,2023-01, Interzoid ,Real-time Currency Rates,This API delivers real-time exchange rates for major currencies around the world.,,,
https://rapidapi.com/thomas_mirmo/api/picatic-ticketing/,2023-01, Thomas Mirmo ,Picatic Ticketing,Sell tickets for your event directly from your app or website. Demo app: https://promo.picatic.com/picatic-slack-installation/,8.3,336 ms,100%
https://rapidapi.com/dubcanada/api/price-retrieve/,2023-01, dubcanada ,Price Retrieve,Get the current price of a product from the URL.,,,
https://rapidapi.com/Datagram/api/products/,2023-01, Dali ,Products,"A RESTful API designed for developers who want to access hyper-localized product data More than 60 available retailers (food & beverages, pets, electronics & hightech, sport, DIY) - 90% located in France",,,
https://rapidapi.com/alvarolozano2000/api/amazon-es-product-info/,2023-07, Ãlvaro Lozano ,amazon-es product info,Obtiene informaciÃ³n sobre productos de Amazon,,,
https://rapidapi.com/ossacodes/api/ebay-product-search-scraper/,2023-01, ossa codes ,eBay product search scraper,eBay product search scraper for getting search products data,8.3,"6,421 ms",100%
https://rapidapi.com/felixeschmittfes/api/patreon8/,2023-04, Felix Schmitt ,Patreon,Search Creators and get their details and posts from Patreon (Unofficial),8.4,"2,115 ms",100%
https://rapidapi.com/make-your-dreams-come-true-make-your-dreams-come-true-default/api/newtestapiforelena/,2023-01, Make your dreams come true ,NewTestAPIforElena,this is a short description,,,
https://rapidapi.com/peekdomainapi/api/e-mail-check-invalid-or-disposable-domain1/,2023-06, Ahmet Sen ,E-mail Check Invalid or Disposable Domain,"Easily check if a certain e-mail address is valid. Is it a valid domain? Is the e-mail a temporary/disposable e-mail? Thatâ€™s a common indicator of spamming/trolling, so now thereâ€™s an API for you so you can easily block it!",8.1,"3,123 ms",100%
https://rapidapi.com/snopan/api/used-gpu-pricing1/,2023-01, snopan ,Used GPU Pricing,The API provides a simple endpoint that allows you to retrieve used prices of gpus on ebay. These prices are refreshed weekly automatically so you can have confidence these are up to date.,8.3,13 ms,100%
https://rapidapi.com/sistemas-qcKyouk4f/api/tarifar-api/,2023-07, Sistemas TARIFAR ,Tarifar API,"En el mundo actual altamente competitivo, tener informaciÃ³n actualizada y precisa sobre el Comercio Exterior de Argentina es esencial para el Ã©xito empresarial. Con la API de informaciÃ³n de Comercio Exterior de Argentina, tendrÃ¡s acceso instantÃ¡neo a datos confiables y relevantes que te ayudarÃ¡n a comprender mejor el panorama comercial y tomar decisiones inteligentes. Ya sea que necesites conocer los aranceles aplicables a tus productos, monitorear las tendencias de importaciÃ³n y exportaciÃ³n,...",,,
https://rapidapi.com/belchiorarkad-FqvHs2EDOtP/api/google-translator10/,2023-07, Pinto Studio ,Google Translator,This API helps you to translate text from one language to another. It's simple and fast.,,,
https://rapidapi.com/dytra/api/tokopedia-super-api/,2023-10, dytra ,Tokopedia Super API,Unleash the Power of Tokopedia: Effortlessly Retrieve Shop and Product Information with Our API! (Unofficial),,,
https://rapidapi.com/idfy-idfy-default/api/name-compare/,2023-01, IDfy ,Name compare,IDfyâ€™s Name Compare API ensures that the documents provided to you belong to the individuals you expect them to. Automate workflows by eliminating the need to manually eyeball and compare names across multiple documents and forms. IDfyâ€™s face compare API takes two names as inputs and returns a match score to help you take decisions faster. Pair it with IDfyâ€™s OCR APIs to completely automate your workflows and get your onboarding process right first time!,8.3,115 ms,100%
https://rapidapi.com/btcbb/api/blocktrail-bitcoin-developers-platform/,2023-01, btcbb ,BlockTrail - Bitcoin Developers Platform,"BlockTrail is a bitcoin API and developers platform, enabling data and payments for developers, enterprises and service providers",8.4,733 ms,100%
https://rapidapi.com/byteplant/api/byteplant-postal-address-online-validator/,2023-01, byteplant ,Byteplant Postal Address Online Validator,With our Postal Address Validator you can easily verify if any national or international postal address is valid and really exists. Eliminate invalid or outdated addresses from your lists and customer databases.,8.0,"1,059 ms",100%
https://rapidapi.com/simonwalker/api/fme-magento-testimonials-and-reviews-extension/,2023-01, simonwalker ,FME Magento Testimonials and Reviews Extension,"FME Product testimonials extension allows you to show customer reviews on product page and home page using an elegant slider. This module also enables users to like/unlike, comment and rage testimonials. User reviews are shown in threaded view. This module creates a separate landing page for reviews, as well as each one has its own page. Learn more about the features on product page.",,,
https://rapidapi.com/community/api/hitbtc/,2023-01, community ,hitbtc,"Itâ€™s a place where both newcomers and trading professionals will be able to trade with ease. hitbtc was built on top of modern technologies to provide fast, secure and reliable service. Customers will appreciate fast order execution, convenient ways to add deposit and withdraw and competitive client service. Newcomers will like intuitive user-friendly interface and easy-to-start platform. Our key focus is client funds safety. Daily backups of everything, distributed all over the world servers, 2-step authentication based on your mobile device and much more for your security. For professional traders we have quite a number of features: - WebSocket subscription for prices and trades - Asynchronous WebSocket-based trading interface - FOK and IOC orders",,,
https://rapidapi.com/simonwalker/api/magento-quick-view-extension/,2023-01, simonwalker ,Magento Quick View Extension,Magento Quick View Extension enables your customers to view product details and checkout from home page or category page without visiting product page. This module also enables you to browse other products within same lightbox. Customers can checkout as well.,,,
https://rapidapi.com/stas-semenov/api/jsmon/,2023-01, stas-semenov ,JSMon,JSMon is an interactive tracking & conversion tool. Get started to understand who is on your site at a particular moment: occasional visitor or potential customer. And interact with him. Our system will analyze visitor's behavioral factors and offer optimal variants for interaction with him. 1) We help to understand who are your visitors on line. 2) We make it possible to set up behavioral models you like. 3) We offer the visitor what he is interested in.,8.3,754 ms,100%
https://rapidapi.com/fjallstrom/api/pantaluren/,2023-01, fjallstrom ,Pantaluren,API to webservice for valuing your little glass slabs.,,,
https://rapidapi.com/mformula-mformula-default/api/sandbox-mktplace-eu-04-orders/,2023-01, MFORMULA ,sandbox mktplace eu - 04 orders,sandbox.mktplace.eu - 04 orders,8.2,"1,661 ms",100%
https://rapidapi.com/eastwest-sounds-eastwest-sounds-default/api/ew4/,2023-01, EastWest Sounds ,EW,soundsonline.com geo location,8.2,964 ms,100%
https://rapidapi.com/gutrfknc/api/eapi/,2023-01, Oleg ,EAPI,E-commerce API,8.1,359 ms,100%
https://rapidapi.com/mformula-mformula-default/api/sandbox-mktplace-eu-01-products/,2023-01, MFORMULA ,sandbox mktplace eu 01 products,sandbox.mktplace.eu - 01 products,,,
https://rapidapi.com/rahulkhorwal/api/nordvpn-coupon/,2023-07, rahulkhorwal ,NordVpn Coupon,"If you're looking for a reliable and affordable VPN provider, NordVPN is an excellent option. With over 14 million users worldwide, NordVPN offers robust security and privacy features, high-speed connections, and a user-friendly interface. But did you know that you can save money on NordVPN subscriptions by using NordVPN coupons? In this guide, we'll cover everything you need to know about NordVPN coupons, including where to find them, how to use them, and how much you can save. https://vpnd...",8.3,298 ms,100%
https://rapidapi.com/buithanhphong81070/api/789club-new/,2023-02, 789club news ,789club New,"789CLUB â€“ NhÃ  cÃ¡i game bÃ i Ä‘á»•i thÆ°á»Ÿng má»›i nháº¥t. Äa dáº¡ng trÃ² chÆ¡i: game bÃ i, báº¯n cÃ¡, ná»• hÅ©. Thiáº¿t káº¿ Ä‘áº¹p, há»‡ thá»‘ng báº£o máº­t tá»‘t, náº¡p rÃºt tiá»n nhanh. Há»— trá»£ nhanh gá»n 24/7 Website: https://789club.news/ Äá»‹a chá»‰: 32 Ng. 1 TÃ´n Tháº¥t TÃ¹ng, Kim LiÃªn, Äá»‘ng Äa, HÃ  Ná»™i, Viá»‡t Nam Maps: https://g.page/r/CWHULOinnN9kEBA SÄT: 0878967277 Email: buithanhphong81070@gmail.com #789club #789new #789clubnew https://hypothes.is/users/789clubnews https://app.bountysource.com/people/108929-789clubnews https://www.wed...",,,
https://rapidapi.com/ladenmail/api/translate120/,2023-01, MirosÅ‚aw Wasylik ,Translate,Translate,,,
https://rapidapi.com/hayden-q37sUt84I/api/deepshifter/,2023-05, DeepShifter ,DeepShifter,"API for interacting with web3 apps. Get Uniswap quotes, Token Info, Gas Prices and More.",,,
https://rapidapi.com/idfy-idfy-default/api/user-authentication3/,2023-01, IDfy ,User authentication,IDfyâ€™s User Authentication API helps you mitigate identity risks by performing facial recognition and comparison checks in real time.,,,
https://rapidapi.com/rapidapiSS/api/oregon-lottery/,2023-02, rapidapiSS ,Oregon Lottery,Oregon's Official API,,,
https://rapidapi.com/BukenyaLukman/api/ugandan-dev-amazon-scrapper/,2023-01, Bukenya Lukman ,ugandan dev Amazon Scrapper,"Scrapp data from amazon products, prices, product reviews and searches in receive data back in JSON Format.",,,
https://rapidapi.com/rapidapiSS/api/arizona-lottery/,2023-02, rapidapiSS ,Arizona Lottery,"Arizona's Official Lottery API for Powerball, Mega Millions, The Pick, Triple Twist, Fantasy 5, and Pick 3. Arizona's Official Scratcher API for 500X, $100 or $200, Diamond Mine, and Fat Wallet.",,,
https://rapidapi.com/nathantone/api/makexyz-1/,2023-01, nathantone ,makexyz,"With a few lines of code, your customers can start printing their or your designs locally - at 3D printers in their neighborhood. Add the following to your site where desired:",,,
https://rapidapi.com/ecombr-ecombr-default/api/sandbox-ecombr-com-02-products-special/,2023-01, ecombr ,sandbox ecombr com - 02 products special,sandbox.ecombr.com - 02 products special,,,
https://rapidapi.com/maihoc348-NexIg5ZRV5/api/ede-transfer-currency/,2023-01, Há»c Mai ,Ede Transfer Currency,API chuyá»ƒn Ä‘á»•i tiá»n tá»‡,,,
https://rapidapi.com/mformula-mformula-default/api/sandbox-mktplace-eu-05-questions/,2023-01, MFORMULA ,sandbox mktplace eu - 05 questions,sandbox.mktplace.eu - 05 questions,,,
https://rapidapi.com/hainguyen-hainguyen-default/api/dosiin/,2023-01, HaiNguyen ,Dosiin,Remove BG Style,,,
https://rapidapi.com/ecombr-ecombr-default/api/sandbox-ecombr-com-03-products-feature/,2023-01, ecombr ,sandbox ecombr com - 03 products feature,sandbox.ecombr.com - 03 products feature,,,
https://rapidapi.com/socolivelife/api/socolivelife1/,2023-04, socolivelife ,socolivelife1,https://www.socolive.life/ Socolive life lÃ  trang chÃ­nh thá»©c cá»§a Socolive TV - KÃªnh xem bÃ³ng Ä‘Ã¡ trá»±c tiáº¿p hÃ´m nay cÃ³ lÆ°á»£t truy cáº­p Ä‘Ã´ng nháº¥t táº¡i Viá»‡t Nam. Truy cáº­p Socolive.life Ä‘á»ƒ láº¥y link vÃ o Socolive vÃ  soi kÃ¨o bÃ³ng Ä‘Ã¡ cá»±c chuáº©n ngay.,,,
https://rapidapi.com/ecombr-ecombr-default/api/sandbox-ecombr-com-05-questions/,2023-01, ecombr ,sandbox ecombr com - 05 questions,sandbox.ecombr.com - 05 questions,,,
https://rapidapi.com/torontodigitaldecor/api/ado-stock/,2023-01, Toronto Digital Decor ,ado stock,Adobe Stock image,,,
https://rapidapi.com/load-my-pixel-load-my-pixel-default/api/fathersham/,2023-01, LOAD MY PIXEL ,fathersham,AWS,,,
https://rapidapi.com/mformula-mformula-default/api/sandbox-mktplace-eu-02-products-special/,2023-01, MFORMULA ,sandbox mktplace eu - 02 products special,sandbox.mktplace.eu - 02 products special,,,
https://rapidapi.com/yubraja008/api/yube/,2023-02, Random vs Content ,yube,just testing amazon scraper on rapid api,,,
https://rapidapi.com/xcommerceio/api/xco-poc/,2023-01, xcommerceio ,XCO POC,Mercado Livre Brazil,,,
https://rapidapi.com/onevedrov/api/barcoder/,2023-01, Oleg Nevedrov ,barcoder,This API generate BARCODE image,,,
https://rapidapi.com/rapidapiSS/api/new-mexico-lottery/,2023-02, rapidapiSS ,New Mexico Lottery,New Mexico's Official Lottery API,,,
https://rapidapi.com/Cashnjoy.com/api/free-coupon-codes/,2023-01, Cashnjoy.com ,Free Coupon Codes,"Get Free Coupons Code API for your website. Indian website offers. You can offer Cashbacks too, just by adding another parameter. Simply register at cashnjoy.com to generate your Site ID and start earning commissions on E-commerce sales. More than 100 biggest webstores' offers.",,,
https://rapidapi.com/adminmetricsco.com/api/metricsco/,2023-01, adminmetricsco.com ,Metricsco,Metricsco is the easiest way for subscription-based businesses to reduce their churn rate,,,
https://rapidapi.com/simonwalker/api/magento-language-and-currency-switcher/,2023-01, simonwalker ,Magento Language and Currency Switcher,Automatic Language and Currency Switcher FME Magento extension.,,,
https://rapidapi.com/gersonhoyos11/api/logintest6/,2023-01, Gerson Hoyos ,loginTest,api for next login with redux,,,
https://rapidapi.com/mformula-mformula-default/api/sandbox-mktplace-eu-03-products-feature/,2023-01, MFORMULA ,sandbox mktplace eu - 03 products feature,sandbox.mktplace.eu - 03 products feature,,,
https://rapidapi.com/ch.walter/api/lego-set-prices-achieved-in-the-market-like-bricklink/,2023-01, Christian Walter ,LEGO set prices achieved in the market (like Bricklink),API provides all LEGO sets and the average prices achieved in the market for new and used sets.,,,
https://rapidapi.com/maxko87/api/zinc/,2023-01, maxko87 ,Zinc,"Order anything on Amazon with one POST request. Amazon provides APIs for just about everything -- product information, search results, and ads -- but one thing is blatantly missing: an API for placing an order. We've filled this void for them by developing the first (and only) public API for ordering on Amazon. Fill in the information about your product, shipping address, billing address, and payment information, and our system will go through the checkout process on Amazon. We work with loyalty programs, rewards services, sweepstakes, and importers to allow them to fulfill orders without ever holding inventory. We also work with small businesses and mobile applications to create unique new shopping and checkout experiences. If you're interested in our custom plans, email max@zinc.io for more information.",,,
https://rapidapi.com/eliferbit-gtwvt1V1QVt/api/new-pizza-api/,2023-01, Eliseu Barreira ,New Pizza-API,Find good places to eat Pizza.,,,
https://rapidapi.com/haitham.abass39/api/h30-e-commerce-data-scraper/,2023-01, Haitham Abass ,H30 E-commerce Data scraper,H30 E-commerce Data scraper is the simplest way to get access to product's details from Amazon in JSON format,,,
https://rapidapi.com/ixartz/api/email-validate-email-verification-email-checker/,2023-01, ixartz ,Email Validate - Email Verification - Email Checker,"Fast, easy and accurate API for Email validation and verification. Minimize your bouncing rate and increase your sending reputation.",,,
https://rapidapi.com/MRafaydev/api/amazon-scrapper6/,2023-01, MRafaydev ,Amazon Scrapper,Easily scrap amazon products reviews and search results.,,,
https://rapidapi.com/relaxed/api/barcode-verification-and-conversion/,2023-01, Relaxed Communications GmbH ,Barcode Verification and Conversion,"Verify EAN, GTIN, UPC and ISBN barcodes and convert them into other formats",,,
https://rapidapi.com/bevennyamande/api/zexchange/,2023-01, 0xbeven ,zExchange,Provides current market prices for companies listed on the Zimbabwe Stock Exchange.,,,
https://rapidapi.com/codify-malang-codify-malang-default/api/kelola-asuransi/,2023-01, Codify Malang ,Kelola Asuransi,Kelola asuransi API,,,
https://rapidapi.com/8529728-canada-inc-8529728-canada-inc-default/api/address-validation/,2023-01, 8529728 Canada Inc ,Address Validation,Return valid address for a set of parameters,,,
https://rapidapi.com/danielwerner/api/vat-number-validator/,2023-01, Daniel Werner ,VAT Number Validator,Validate any EU VAT number,,,
https://rapidapi.com/csbans/api/test-api25/,2023-01, csbans ,Test API,Test API,0.0,0 ms,0%
https://rapidapi.com/tal1234l/api/talwaserman/,2023-01, Tal Waserman ,talwaserman,tal api,,,
https://rapidapi.com/2908/api/sakal_2/,2023-01, 2908 ,SAKAL_2,gfd,,,
https://rapidapi.com/arun.sn/api/skein-3d-config-api/,2023-01, Arunkarthikeyan Natarajan ,SKEIN-3D-CONFIG-API,SKEIN-3D-CONFIG-API,,,
https://rapidapi.com/bordersolutions/api/border-solutions-duty-and-vat-calculator/,2023-01, bordersolutions ,Border Solutions Duty and Vat Calculator,"Border Solutions API gives you a fully landed cost quote for dozens of countries in the WTO. Use these Duty and Tax rates to get an estimate on import fees! Border Solutions supports three countries: Canada, Australia and Mexico. If shipping to Canada you must use the additional field of ""shipToProvince"". Example {""shipToProvince"": ""ON""}",,,
https://rapidapi.com/felx/api/ayonix-webapi-1-3/,2023-01, felx ,Ayonix WebAPI 1.3,"High Level and high efficient face detection , face matching and face recognition API. With functions for enrolling a face and recognizing a face, this unique API gives your application powerful state of the art functionalities to manage face data completely.",,,
https://rapidapi.com/djinn/api/sentlytics-sentiment-to-outcome/,2023-01, Supreet Sethi ,Sentlytics - Sentiment to Outcome,"You have tons of product reviews, forex swaps, customer satisfaction reports, trading data and social tweets which if used could predict future outcome. However, where could you find a reliable API which predicts sentiment fast and with high accuracy. Now that is possible with us.",,,
https://rapidapi.com/PriceJSON/api/pricejson-com/,2023-01, PriceJSON ,PriceJSON.com,"Returns detailed pricing offers for over 340 million products sold through Amazon.com. API offers data includes: product price, shipping price, buy box, seller name, seller rating and more. API uses REST in JSON format. FREE monthly API calls.",,,
https://rapidapi.com/mazon/api/location-profile/,2023-01, mazon ,Location Profile,"Get a location profile for the requested location of visitors of your website by ip address. There is a combination of weather, population, income, and other important data to get a good look into how to treat your user. For example why would you try selling snow gear to someone visiting your site at a place where it is currently raining, which you would already know with this api! Not sure which umbrella to sell them? Take a look at the average income for that area to see if they would be likely to care about a sale, or just blindly purchase your top of the line.",,,
https://rapidapi.com/FINDBINNUMBERS/api/postage-tracker/,2023-01, Michael Smith ,Postage Tracker,"Postage Tracker provides tracking info events for DHL, FedEx, UPS and USPS tracking numbers.",,,
https://rapidapi.com/snapCX/api/address-validation-and-correction/,2023-01, snapCX ,Address Validation and Correction,This API validates US addresses and also return closely matched addresses. See list of match codes from this API call here -> https://snapcx.readme.io/docs/avsv1validateaddress .,,,
https://rapidapi.com/Salestaxsolutions/api/sales-tax-rates/,2023-01, Salestaxsolutions ,Sales tax rates,Sales and Use tax rates Api so developers can easier query accurate sales tax rates in United States,,,
https://rapidapi.com/Codeepy/api/codeepy-vispox/,2023-01, Codeepy ,Codeepy Vispox,This API provides a list of organisations licensed to sponsor workers under Tiers 2 and 5 (UK for now).,,,
https://rapidapi.com/vufind/api/twitter-interest-graph/,2023-01, vufind ,Twitter Interest Graph,"Twitter VuGraph generates social persona from the publicly available profile of a Twitter user by aggregating interests inferred from tweets, photos, vines, checkins, and commerce to produce the richest behavioral persona.",0.0,332 ms,100%
https://rapidapi.com/tryolabs/api/daywatch/,2023-01, tryolabs ,DayWatch,"DayWatch's API provides powerful data access to real-time daily deal and coupons data in USA, Latin America and South East Asia. Search deals per country, location, category and activity. About DayWatch: DayWatch is the ultimate real-time business reporting and decision support tool for Daily Deal companies. Industry reports, analytics, insights, metrics, market penetration, market shares, business performance: every moment, at anytime. All integrated into a web portal. http://www.usedaywatch.com A Product Powered by tryolabs.com",,,
https://rapidapi.com/codebyhamza-7XSCOOtgohj/api/climate-change27/,2023-01, Hamza Akif ,Climate Change,To show latest weather conditions,,,
https://rapidapi.com/ossacodes/api/newegg-data-scraper/,2023-01, ossa codes ,Newegg Data Scraper,"Newegg Data Scraper is the easiest way to get Newegg tech products data like: product title, product price, product images , product details, reviews and more in JSON format.",0.0,333 ms,0%
https://rapidapi.com/aidangig/api/craigslist-search/,2023-01, Aidan Gignac ,Craigslist Search,Search Craigslist Worldwide.,0.0,241 ms,0%
https://rapidapi.com/yoohoo1-shalom1/api/paid-one-external/,2023-01, Yoohoo1 ,paid one - external,sdsdf,,,
https://rapidapi.com/di-fusion-di-fusion-default/api/lazada-all-regions/,2023-01, Di-Fusion ,Lazada All Regions,"Lazada All Regions (Indonesia, Vietnam, Malaysia, Thailand, Singapore, Philippines)",0.0,477 ms,0%
https://rapidapi.com/ayi.andang.sudrajat/api/amazon-scraper32/,2023-01, Jupri ,AMAZON Scraper,Scrape data from Amazon.com,,,
https://rapidapi.com/jporrello/api/jpaisys-amazon-scraper/,2023-01, Jesus Porrello ,jpAIsys Amazon Scraper,"Amazon Data Scraper Is The Easiest Way To Get Access To Product, Price, Sales Rnk And Reviews Data From Amazon In JSON Format.",,,
https://rapidapi.com/alwaysrajumca/api/amazon-scraper4/,2023-01, Raju Saha ,Amazon Scraper,"Amazon scraper is the easiest way to get access to products,price,offers,details in JSON format",,,
https://rapidapi.com/jasminedrift-ZdXk1M8YP32/api/amazon-scraper24/,2023-01, Jasmine Drift ,amazon scraper,"amazon scraper is the easiest way to get acess to product, price, sales rank, and reviews data from Amazon in JSON format",,,
https://rapidapi.com/boseronit3/api/email-validation-api1/,2023-03, Ronit Bose ,Email validation API,"It provides a simple and efficient way to validate email addresses. It takes an email address as input and returns a response indicating whether the email address is valid, invalid, or Disposable in JSON formats",0.0,"8,216 ms",0%
https://rapidapi.com/di-fusion-di-fusion-default/api/chinahao/,2023-01, Di-Fusion ,Chinahao,https://www.chinahao.com,,,
https://rapidapi.com/e-ordr-e-ordr-default/api/amazon-product-search2/,2023-11, E Ordr ,Amazon Product Search,Cached Amazon Product Search,0.0,34 ms,0%
https://rapidapi.com/friend18best-dH0QFkto-O5/api/sanil-amazon-web-scraper/,2023-01, sanil nadkarni ,Sanil Amazon Web Scraper,scrapping Amazon website for products / details etc,,,
https://rapidapi.com/orthosie/api/barcode4/,2023-01, orthosie ,Barcode,Encode barcode numbers to generate images or decode images to barcode numbers. Multiple different barcode formats supported.,,,
https://rapidapi.com/asfkidk/api/jsmamazon-data-scraper/,2023-01, asfkidk ,JSMAmazon Data Scraper,this is just an api for getting product details and other data from Amazon,,,
https://rapidapi.com/fogxcfg/api/js-amazon-scrapper/,2023-01, Xcfg Fog ,JS amazon scrapper,This API can get details about products in AMAZON,,,
https://rapidapi.com/tomasbtmoon-MJVRNdIpPVf/api/mockiri/,2023-01, Tom Moon ,Mockiri,render customised product mockups for customsed goods.,,,
https://rapidapi.com/janekgrochulski/api/bring-a-trailer-scraper/,2023-01, Jan Grochulski ,bring a trailer scraper,A web scraper to collect current auction listing information from Bring-a-Trailer,0.0,276 ms,0%
https://rapidapi.com/prvnkmr679-km9BydKuvDf/api/praveen-amazon-scraper/,2023-01, praveen kumar ,praveen amazon scraper,testing amazon product scraper,,,
https://rapidapi.com/yassinmahmoud004/api/gold-price-live1/,2023-01, Yassin Mahmoud ,Gold price live,Simple Api for the latest gold price per ounce,,,
https://rapidapi.com/rajprabhurajasekaran-rajprabhurajasekaran-default/api/amazon-scraper-api-new/,2023-01, rajprabhurajasekaran ,amazon-scraper-api-new,"Amazon-Scraper-Api-New is used to search products in arranged JSON format, grab product lists with or without ads data, products with offers, reviews of products & ratings also.",,,
https://rapidapi.com/mjdemon211/api/currency-converter10/,2023-01, Mritunjay ,Currency converter,"This a free API for converting currencies. Or, to check the inverse between two currencies.",0.0,60 ms,0%
https://rapidapi.com/julio-YApRcTry-/api/best-buy-stock-check/,2023-01, valeriotech ,Best Buy Stock Check,Affordable Best Buy Product Info & Stock Scraper,,,
https://rapidapi.com/KOSASIH/api/mellomall/,2023-01, KOSASIH ,Mellomall,Marketplace,,,
https://rapidapi.com/nafizjiwa/api/nj-amazon-scraper/,2023-01, nafizjiwa ,nj-amazon-scraper,"Amazon scraper is used to get access to products, reviews, and prices",,,
https://rapidapi.com/zaidbhati007-ftfVboHFEz/api/amazon-data-scrapper9/,2023-01, zaid bhati ,Amazon Data Scrapper,"Amazon. Data Scrapper api is the easiest way to get products details,reviews,offers in JSON FORMAT",,,
https://rapidapi.com/codustry-codustry-default/api/jingdi/,2023-01, Codustry ,Jingdi,Verified Bank Slip in Thailand,,,
https://rapidapi.com/datawookie/api/trundler/,2023-01, Andrew Collier ,Trundler,Trundler provides access to product and historical price data from a range of online retailers.Obtain an API key from the homepage or via [RapidAPI](https://rapidapi.com/datawookie/api/trundler).To ease access to these data there is also an [R package](https://datawookie.github.io/trundler/) available.,0.0,18 ms,0%
https://rapidapi.com/idfy-idfy-default/api/document-data-extraction-solutions/,2023-01, IDfy ,Document Data Extraction Solutions,IDfyâ€™s Data Extraction Solutions allow you to extract and digitise text fields from images of standard documents in real-time.,,,
https://rapidapi.com/AbdulAhadcodinghub/api/amazon-data-scraper81/,2023-01, AbdulAhad-codinghub ,Amazon Data Scraper,Web scraping allows you to extract relevant data from the Amazon website and save it in a spreadsheet or JSON format. You can even automate the process to update the data on a regular weekly or monthly basis.,,,
https://rapidapi.com/MejiMM/api/amazon-product-scaper/,2023-01, MejiMM ,Amazon Product Scaper,"A really useful API to search for products, prices, details, etc. Ready to implement in your project.",,,
https://rapidapi.com/mcroni/api/16882/,2023-01, kojo mcroni ,1688,An api to scrape product details from 1688 using the product link.,,,
https://rapidapi.com/tempryderop-tXXnAQMQHU6/api/akhtar-amazondatascraper/,2023-01, Ryder Op ,Akhtar-AmazonDataScraper,"AmazonDataScraper is the easiest way to get access to product, price, sales rank and reviews data from Amazon in JSON format.",,,
https://rapidapi.com/Kenaaaaaa/api/amazon-api5/,2023-01, Kenaaaaaa ,Amazon-API,Get data of products from Amazon in JSON format,,,
https://rapidapi.com/describoapp/api/describo/,2023-06, Describo ,Describo,AI Powered Product Descriptions,,,
https://rapidapi.com/veilleio-veilleio-default/api/vinted2/,2023-07, Veille Scraping ,Vinted,ðŸŸ¢ Vinted data scraper. Contact us if you need additional data.,,,
https://rapidapi.com/Navari/api/yakit-fiyatlari/,2023-01, Celalettin YÄ±lmaz ,Yakit Fiyatlari,TÃ¼rkiye iÃ§erisindeki ÅŸehir ÅŸehir yakÄ±t fiyatlarÄ± apisi,0.0,12 ms,0%
https://rapidapi.com/tutyou1972/api/flance-aliexpress/,2023-01, rustam ,Flance AliExpress,API to request the Aliexpress data for dropshipping activity.,0.1,"6,689 ms",0%
https://rapidapi.com/versed-ai-versed-ai-default/api/supply-chain-api/,2023-07, Versed AI ,Supply Chain API,Real time access to Versed AI's supply chain mapping data.,0.0,"5,363 ms",0%
https://rapidapi.com/Kaku-g/api/amazon-data-scraper84/,2023-01, Kaku-g ,Amazon data scraper,"fetch products from amazon, view ratings of specific products,view offers on products etc.",,,
https://rapidapi.com/roshankrraj0/api/mark10/,2023-05, Roshan Raj ,Mark,Ecommerce,,,
https://rapidapi.com/ApisbyET/api/search-walmart/,2023-01, ApisbyET ,Search Walmart,Busca productos en Walmart,0.0,25 ms,0%
https://rapidapi.com/codeitamarjr/api/api-shopping/,2023-01, codeitamarjr ,API-Shopping,This API will bring a JSON file with the price of items from local stores that has the online store feature available such Tesco.ie,,,
https://rapidapi.com/alexescofet96-5dHKb6Yvmeo/api/amazon-scrapper-api2/,2023-03, Alex Escofet ,amazon-scrapper-api,An API to scrap amazon,,,
https://rapidapi.com/vladdnepr1989/api/aliexpress-unofficial/,2023-02, Vladislav Lyshenko ,AliExpress unofficial,DEPRECATED. Will deleted after 2023-03-01,0.1,"2,656 ms",4%
https://rapidapi.com/vighneshgupta32-P6vzmBUwpWM/api/amazon-data-scapper/,2023-01, Vignesh Gupta ,Amazon Data Scapper,Amazon Data Scapper is easiest way to get the product details from Amazon.in,,,
https://rapidapi.com/houssnou/api/njs-amazon-scraper/,2023-01, houssnou ,NJS Amazon Scraper,"Demo API to get product, price, sales rank and reviews data from Amazon.",,,
https://rapidapi.com/gragli98/api/amazon-germany-scraper-from-ilgar/,2023-01, Ilqar Rasulov ,Amazon Germany Scraper from Ilgar,"This scraper is able to get product details, offers, reviews and search for products from amazon.de. Api key from https://www.scraperapi.com/ is required!!! Dieser Web-Scraper ist in der Lage, Produktdetails, Angebote, Bewertungen zu erhalten und nach Produkten von amazon.de zu suchen. API-SchlÃ¼ssel von https://www.scraperapi.com/ wird benÃ¶tigt!!!",,,
https://rapidapi.com/hieulecongminh/api/amazon-data-scraper70/,2023-01, CÃ´ng Minh Hiáº¿u LÃª ,Amazon Data Scraper,Amazon Data Scraper is an easy way to access the data of products on the Amazon website.,,,
https://rapidapi.com/reiearth/api/reiearth-amazon-data-scraper/,2023-01, reiearth ,Reiearth Amazon Data Scraper,"Amazon Data Scraper is the easiest way to get access to product, price, sales rank and reviews data from Amazon in JSON format",,,
https://rapidapi.com/seoys/api/ebay-product-stock/,2023-01, seoys ,EBAY Product stock,eBay product individual stock quantity API,,,
https://rapidapi.com/stephenCurry/api/amazon-search-products/,2023-01, stephenCurry ,Amazon Search Products,"Amazon Search Products is a very easy way to find product details, look for offers and search for a product",,,
https://rapidapi.com/tmuneebanjum/api/amazon-scrapper3/,2023-01, Muneeb Anjum ,Amazon Scrapper,"this api can fetch product details , Search Query, Reviews, Products Offers",0.0,297 ms,100%
https://rapidapi.com/webceyhan/api/amazon-scraper19/,2023-01, Evren Ceyhan ,Amazon Scraper,Demo Amazon Products API using ScraperApi hosted on Heroku,,,
https://rapidapi.com/bajuddinkhan786-azV3i6Cwmon/api/amazon-data-scraper60/,2023-01, BAJUDDIN Khan 19BEE043 ,Amazon Data Scraper,"Amazon Data Scraper is the easiest way to get access to product, price, sales, rank and reviews datafrom Amazon in Json format",,,
https://rapidapi.com/di-fusion-di-fusion-default/api/ecer/,2023-01, Di-Fusion ,Ecer,https://www.ecer.com,,,
https://rapidapi.com/blandontechnology/api/gasolinerassv/,2023-01, Jaime Blandon ,GasolinerasSV,Devuelve el precio de venta y ubicaciÃ³n de las gasolineras en El Salvador,,,
https://rapidapi.com/danielfpadilla-IafNRyy3dEd/api/image-resize1/,2023-01, Daniel Padilla ,Image Resize,Resize image proportionally using width or height.,,,
https://rapidapi.com/yassinmahmoud004/api/cryptocurrency-prices1/,2023-01, Yassin Mahmoud ,Cryptocurrency prices,This api showing 50 cryptocurrency live prices,,,
https://rapidapi.com/RusaUB/api/cryptocurrency-price/,2023-01, RusaUB ,Cryptocurrency Price,This API allows you to follow the price of cryptocurrencies in live.,,,
https://rapidapi.com/issam.aboulfadl05/api/amazon-data-scraper76/,2023-01, Issam ,amazon-data-scraper,"Amazon data scraper is easiest way to get access product, price, sales, rank, reviews data from amazon in j son format and much more...",,,
https://rapidapi.com/ApisbyET/api/aliexpress-search1/,2023-01, ApisbyET ,Aliexpress Search,Busca productos en Aliexpress,,,
https://rapidapi.com/OrbitSolve/api/dhana-invoice/,2023-01, Admin ,Dhana Invoice,Generate and manage your invoices with simple API calls,,,
https://rapidapi.com/twilliams/api/remote-job-listings/,2023-01, Trevoir Williams ,Remote Job Listings,This API aggregates Remote Jobs from various sources.,,,
https://rapidapi.com/collectapi/api/whatsapp-business/,2023-01, CollectAPI ,WhatsApp Business,Official WhatsApp Business API. Message services officially offered by WhatsApp. For reach WhatsApi Token contact to info@collectapi.com,0.0,122 ms,100%
https://rapidapi.com/doomsebastienpro/api/certified-comics/,2023-01, SÃ©bastien Doom ,Certified Comics,An API that scrape the latest CGC comics added on the online market.,,,
https://rapidapi.com/thawalitcomen/api/shopeethailand/,2023-01, Thawalit Junpoung ,ShopeeThailand,Realtime find winner products by category and keyword from Shopee Thailand ( www.shopee.co.th ),,,
https://rapidapi.com/Joshhortt/api/amazon-data-crawler/,2023-01, Joshhortt ,Amazon Data Crawler,"Amazon Data Crawler is the easiest way to get access to amazon products, prices, sales rank, and reviews data from Amazon's Marketplace in JSON format.",0.0,126 ms,0%
https://rapidapi.com/harunjibs/api/amazon-data-product-scraper/,2023-01, Harun Jibs ,Amazon Data Product Scraper,"Amazon Data Product Scraper will allow you to select the specific data you'd want from the Amazon website into a JSON file. This gives you easy access to search, Products, Price, Sales, Ranks, reviews and lot more.",0.1,528 ms,0%
https://rapidapi.com/idfy-idfy-default/api/merchant-verification-solutions/,2023-01, IDfy ,Merchant Verification Solutions,"Helps you verify the identity of Merchant at any point, be it onboarding or a routine compliance check.",,,
https://rapidapi.com/arun.sn/api/skein-men-shirt-api/,2023-01, Arunkarthikeyan Natarajan ,SKEIN-MEN-SHIRT-API,SKEIN-MEN-SHIRT-API,,,
https://rapidapi.com/wevans/api/clickbankuniversity/,2023-01, Wesley Evans ,ClickbankUniversity,clickbank,,,
https://rapidapi.com/omotee/api/weather-app10/,2023-01, Omotee34 ,Weather App,Its a weather app,,,
https://rapidapi.com/arun.sn/api/skein-men-polo-api/,2023-01, Arunkarthikeyan Natarajan ,SKEIN-MEN-POLO-API,SKEIN-MEN-POLO-API,,,
https://rapidapi.com/arun.sn/api/skein-men-jeans-api/,2023-01, Arunkarthikeyan Natarajan ,SKEIN-MEN-JEANS-API,SKEIN-MEN-JEANS-API,,,
https://rapidapi.com/streef-streef-default/api/sms45/,2023-01, streef ,sms,"var unirest = require(""unirest""); var req = unirest(""GET"", ""https://branded-sms-pakistan.p.rapidapi.com/send""); req.query({ ""message"": ""bonne f%C3%AAte"", ""email"": ""consty3112%40outlook.com"", ""to"": """" }); req.headers({ ""x-rapidapi-host"": ""branded-sms-pakistan.p.rapidapi.com"", ""x-rapidapi-key"": ""f7f846a52cmshea137933a83a963p124559jsnd9da280b818b"" }); req.end(function (res) { if (res.error) throw new Error(res.error); console.log(res.body); });",0.0,0 ms,0%
https://rapidapi.com/Nourhan/api/vouchery-io/,2023-01, Vouchery ,Vouchery.io,"Welcome to Vouchery.io API v2.0! Vouchery provides a REST-oriented API which gives you access to easily create main campaign that includes multiple promo campaigns, add rewards, validate and redeem vouchers. You will find a detailed description of API design, authentication and authorisation, available endpoints, and responses on successful requests and errors at https://docs.vouchery.io/reference",,,
https://rapidapi.com/juanhoil826/api/pedidos-usuarios/,2023-01, JUAN HOIL ,pedidos/usuarios,pedidos desde chat bot,,,
https://rapidapi.com/zejoqiz/api/movives/,2023-01, zejoqiz ,Movives,movieees,,,
https://rapidapi.com/arun.sn/api/skein-men-suit-api/,2023-01, Arunkarthikeyan Natarajan ,SKEIN-MEN-SUIT-API,SKEIN-MEN-SUIT-API,,,
https://rapidapi.com/halobirustore/api/halobiru-store/,2023-01, HaloBiru.store ,HaloBiru.store,Online Shop HaloBiru.store,,,
https://rapidapi.com/arun.sn/api/skein-women-tshirt-api/,2023-01, Arunkarthikeyan Natarajan ,SKEIN-WOMEN-TSHIRT-API,SKEIN-WOMEN-TSHIRT-API,,,
https://rapidapi.com/mladenilic/api/rocketboost/,2023-01, Mladen IliÄ‡ ,RocketBoost,Create Apple/Google mobile wallet passes,,,
https://rapidapi.com/comraovat/api/testing46/,2023-01, Nguyen Khac Hai ,Testing,test system of rapidapi,,,
https://rapidapi.com/arun.sn/api/skein-men-trouser-api/,2023-01, Arunkarthikeyan Natarajan ,SKEIN-MEN-TROUSER-API,SKEIN-MEN-TROUSER-API,,,
https://rapidapi.com/jsurjit123/api/carttest/,2023-01, Surjit Joshi ,CartTest,CartTest,,,
https://rapidapi.com/valuclimb/api/vc/,2023-01, Vanda Chapson ,vc,api for datafeed on valuclimb,,,
https://rapidapi.com/test-102-popopop/api/who-are-you/,2023-01, Test-10 ,Who are you,sdfsfd,,,
https://rapidapi.com/ndonnelly/api/mercadolibre1/,2023-01, Nicolas Donnelly ,MercadoLibre,MercadoLibre,0.0,23 ms,100%
https://rapidapi.com/arun.sn/api/skein-women-shirt-api/,2023-01, Arunkarthikeyan Natarajan ,SKEIN-WOMEN-SHIRT-API,SKEIN-WOMEN-SHIRT-API,,,
https://rapidapi.com/marnialward/api/mrautoparts/,2023-01, marnialward ,mrautoparts,find car parts and low pricing,,,
https://rapidapi.com/agraebe/api/hypertrack1/,2023-01, agraebe ,HyperTrack,Build applications that track the movement of your business,0.0,657 ms,100%
https://rapidapi.com/restpayly/api/restpayly/,2023-01, restpayly ,Restpayly,"An easy, straightforward solution for accepting payments on your website, in your app, or elsewhere on the web. Thanks to the REST setup, your application can immediately start making requests to the API, which validates the Credit Card details and charges your clients for their purchases. All funds will immediately be transferred to your account. Essentially, this API replaces your server-side, saving you the time to learn a new server language, test, validate and so on the server-side for your payments. In other words, it's hassle-free payment!",,,
https://rapidapi.com/fmeextensions/api/magento-product-questions-extension-by-fme/,2023-01, fmeextensions ,Magento Product Questions Extension by FME,"Create a separate FAQs landing page in your website and FAQs tab on every product page featuring an ""Ask A Question"" form",,,
https://rapidapi.com/fmeextensions/api/magento-custom-checkout-fields-extension-by-fme/,2023-01, fmeextensions ,Magento Custom Checkout Fields Extension by FME,Add additional custom fields to Magento checkout page.,,,
https://rapidapi.com/fmeextensions/api/magento-store-locator-extension-by-fme/,2023-01, fmeextensions ,Magento Store Locator Extension by FME,"Magento store locator extension by FME allows you to add a separate dealer locator page in your store where you can display the offline store locations via Google Map. Using the search filters, visitors can search the store by product or country, zip code right on the store finder page. Using this Magento store locator, you can assign products to specific stores and attach attribute labels such as electronic, toys, etc. to identify the stores. Using the â€œGet Directionsâ€ button, visitors can get the shortest route towards the nearest physical store. More Info: https://www.fmeextensions.com/magento-advance-google-maps-store-locator.html",,,
https://rapidapi.com/fmeextensions/api/magento-customer-registration-attributes-extension-by-fme/,2023-01, fmeextensions ,Magento Customer Registration Attributes Extension by FME,"Magento customer registration attributes extension by FME enables you to add additional custom attributes to the user sign-up form & account page. Add different types of unlimited attributes according to your business requirements and position them in user registration form & account page. You can add file upload field, image, text field, text area, date, message only, drop down, multiple select, yes/no, radio and check box fields. Using this Magento customer registration attributes extension, you can restrict custom fields by specific customer groups. Also, allow the customers to edit the custom fields. This extension supports following types of input validations: Decimal Number Integer Number Email Address Website URL Address Letters Only Letters and/or numbers Date",,,
https://rapidapi.com/amrfarid140/api/egypt-fx/,2023-01, amrfarid140 ,EGYPT FX,A RESTful API to get latest foreign exchange prices in major Egyptian Banks.,0.0,383 ms,100%
https://rapidapi.com/noodlio/api/noodlio-pay-smooth-payments-with-stripe/,2023-01, noodlio ,Noodlio Pay - Smooth Payments with Stripe,"An easy, straightforward solution for accepting payments on your website, in your app, or elsewhere on the web. Thanks to the REST setup, your application can immediately start making requests to the API, which validates the Credit Card details and charges your clients for their purchases. All funds will immediately be transferred to your account. Essentially, this API replaces your server-side, saving you the time to learn a new server language, test, validate and so on the server-side for your payments. In other words, it's hassle-free payment!",,,
https://rapidapi.com/GoodFoods/api/search-grocery-product-reviews-by-barcode/,2023-01, GoodFoods ,Search grocery product reviews by barcode,"The first reviews engine for products that works directly from grocery stores while you are shopping. GoodFoods offers the latest information on healthy eating options and to provide recommendations and reviews that inform your personal choices. As a member of the GoodFoods community, you can browse the site, check out reviews, and leave your own comments on products youâ€™ve tried. The feedback you provide will help inform others, giving everyone the resources they need to make quality choices.",0.1,26 ms,0%
https://rapidapi.com/snapCX/api/get-detailed-zip-code-from-city-state-or-detailed-zipcode-report/,2023-01, snapCX ,Get Detailed zip code from city state OR detailed zipcode report.,"This FREE API has two features. First feature is, ""Given City and State (2 char state code), it will get all zipcodes for it"". And second feature is ""Given zipcode, then it will get city & state for it"". It also provides other details like type of zipcode (PO Box or standard or unique). It provides latitude & longitude of zipcode center.",0.0,"75,766 ms",0%
https://rapidapi.com/leassis/api/quote-and-shipping/,2023-01, leassis ,quote and shipping,quote volumes to ecommerce stores,,,
https://rapidapi.com/webaroo/api/mdndcheck/,2023-01, webaroo ,mDNDCheck,mDNDCheck is a simple open API that can help lookup whether a mobile phone number is in the NCPRâ€™s (National Customer Preference Register) DND (Do Not Disturb) list.,0.0,"127,187 ms",0%
https://rapidapi.com/ParcelBright/api/shippingapi/,2023-01, ParcelBright ,ShippingAPI,"ParcelBright Shipping API - Generate labels, verify addresses, track progress and much more. More information here: https://github.com/parcelbright/api-docs",,,
https://rapidapi.com/directwines/api/direct-wines/,2023-01, directwines ,Direct Wines,"The API provides you a way to consume different API's around product, customer and account.",0.0,59 ms,100%
https://rapidapi.com/groove/api/groove/,2023-01, groove ,Groove,"Groove is a simple tool for growing small businesses - help your team deliver personal customer support. Ticket management, tracking and reports, and email integration.",,,
https://rapidapi.com/Printchomp/api/printchomp/,2023-01, Printchomp ,PrintChomp,Printchomp API from the very start was envisioned and developed with developers in mind. We make sure weâ€™re always accessible to our API partners and welcome all feedback. Printchomp API is truly RESTful and has adopted Hypertext Application Language (HAL) to make it easily consumable and explorable. All API calls and responses are very consistent making it a delight to program against.,,,
https://rapidapi.com/fraudlabs/api/browserobject/,2023-01, fraudlabs ,BrowserObject,The BrowserObject Browser Detection Web Service allows instant detection of online visitor's Web Browser information. Sign up for free license key at http://www.fraudlabs.com/freelicense.aspx?PackageID=8 which allows up to 90 queries a month.,,,
https://rapidapi.com/fraudlabs/api/ip2proxy/,2023-01, fraudlabs ,IP2Proxy,The IP2Proxy Proxy Detection Web Service allows instant detection of anonymous proxy by IP address. The IP2Proxy Proxy Detection Web Service enables you to check proxy servers for anonymity. Sign up for free license key at http://www.fraudlabs.com/freelicense.aspx?PackageID=3 which allows up to 90 queries a month.,0.1,"127,342 ms",0%
https://rapidapi.com/fraudlabs/api/ip2location/,2023-01, fraudlabs ,IP2Location,"The IP2Location Geolocation Web Service allows instant identification of online visitors geographical location by using IP address. The IP2Location Geolocation Web Service returns geographic information such as country, region, city, latitude, longitude, ISP and domain name. Sign up for free license key at http://www.fraudlabs.com/freelicense.aspx?PackageID=2t which allows up to 90 queries a month.",0.0,"127,458 ms",0%
https://rapidapi.com/vladtheshark/api/product-hunt/,2023-01, vladtheshark ,Product Hunt,The best way in the world to find new products.,,,
https://rapidapi.com/community/api/etsy/,2023-01, community ,Etsy,"Buy and sell handmade or vintage items, art and supplies on Etsy, the world's most vibrant handmade marketplace.",0.0,205 ms,100%
https://rapidapi.com/alexandermenzheres/api/cashtie/,2023-01, alexandermenzheres ,Cashtie,Cashtieâ„¢ is a powerful web service that links retail cash payments to software applications. You will be able to provide new in-lane bill payment solutions to your client base and integrate cash payments into your existing applications with just a few lines of code.,0.0,"1,349 ms",100%
https://rapidapi.com/tictail/api/tictail-online-store/,2023-01, tictail ,Tictail Online Store,"Tictail is an easy and free online shop solution that not only helps you create a beautiful online store within minutes, but also helps you run it successfully.",,,
https://rapidapi.com/veritrans/api/veritrans-vt-direct/,2023-01, veritrans ,Veritrans VT Direct,"VT-Direct is a RESTful API that allows merchants to utilize the Veritrans payment system to process payments. VT-Direct allows customers to complete payment on the merchantâ€™s website without being redirected to Veritrans, and yet still allow the merchant to minimize the security risk inherit with processing card payments. Find out more information about Veritrans at https://veritrans.co.id.",,,
https://rapidapi.com/howl.wong/api/shou65/,2023-01, howl.wong ,Shou65,Shou65 is cool. http://www.shou65.com Android iOS,,,
https://rapidapi.com/shop25/api/shop25/,2023-01, shop25 ,Shop25,"Shop25 API Ð¿Ð¾Ð·Ð²Ð¾Ð»ÑÐµÑ‚ ÑÐ¸Ð½Ñ…Ñ€Ð¾Ð½Ð¸Ð·Ð¸Ñ€Ð¾Ð²Ð°Ñ‚ÑŒ ÐºÐ»Ð¸ÐµÐ½Ñ‚Ð¾Ð², Ð°Ð´Ñ€ÐµÑÐ° Ð¸ Ñ€ÐµÐºÐ²Ð¸Ð·Ð¸Ñ‚Ñ‹, Ð·Ð°ÐºÐ°Ð·Ñ‹, Ð¾Ð¿Ð»Ð°Ñ‚Ñ‹ Ð¸ Ð¾Ñ‚Ð³Ñ€ÑƒÐ·ÐºÐ¸ ÑÐ°Ð¹Ñ‚Ð° Ñ ÑƒÑ‡ÐµÑ‚Ð½Ð¾Ð¹ Ð¿Ñ€Ð¾Ð³Ñ€Ð°Ð¼Ð¼Ð¾Ð¹. Ð˜ÑÐ¿Ð¾Ð»ÑŒÐ·ÑƒÑ Shop25 API , Ð²Ñ‹ ÑÐ¼Ð¾Ð¶ÐµÑ‚Ðµ Ð¿Ñ€ÐµÐ´ÐµÐ»ÑŒÐ½Ð¾ ÑÐ¾ÐºÑ€Ð°Ñ‚Ð¸Ñ‚ÑŒ Ñ€Ð°Ð±Ð¾Ñ‚Ñƒ Ð¼ÐµÐ½ÐµÐ´Ð¶ÐµÑ€Ð¾Ð² Ð¿Ð¾ Ð¾Ð±Ñ€Ð°Ð±Ð¾Ñ‚ÐºÐµ Ð·Ð°ÐºÐ°Ð·Ð¾Ð² Ð² Ð’Ð°ÑˆÐ¸Ñ… Ð¸Ð½Ñ‚ÐµÑ€Ð½ÐµÑ‚-Ð¼Ð°Ð³Ð°Ð·Ð¸Ð½Ð°Ñ… Ñ€Ð°Ð±Ð¾Ñ‚Ð°ÑŽÑ‰Ð¸Ñ… Ð½Ð° Ð¿Ð»Ð°Ñ‚Ñ„Ð¾Ñ€Ð¼Ðµ Shop25.",,,
https://rapidapi.com/pencepay/api/mobile-billing/,2023-01, pencepay ,Mobile Billing,"Direct Carrier Billing, Direct Mobile Billing and Premium SMS billing payment methods, all available using this Mobile Payments API from PencePay.com All mobile billing flows are supported: PIN, Redirect-to-Operator, Premium SMS and SMS handshake.",,,
https://rapidapi.com/geostockphoto/api/geostockphoto/,2023-01, geostockphoto ,GeoStockPhoto,GeoStockPhoto is a stock photo agency with high-quality photos from all around the world. Each photo is geotagged with latitude and longitude. All registered users can interact with our database and retrieve information of all photos on sale.,,,
https://rapidapi.com/bips/api/invoice/,2023-01, bips ,Invoice,"An invoice is created by sending an http POST to https://bips.me/api/v1/invoice containing the details of your product or service, price and the currency. On a successful POST an invoice URL will be received in the response. Your system should redirect to this URL to allow the customer to pay.",0.0,413 ms,40%
https://rapidapi.com/passkit/api/passkit/,2023-01, passkit ,PassKit,"PassKit: Create, Distribute and Manage Apple Passbook Passes. PassKit is a set of tool and methods that allow businesses and developers quickly, easily and affordably design, create, distribute, update, analyse and manage content for Apple Passbook. PassKit helps you and your business at every step of the Passbook Pass Lifecycle. API to access PassKit. 1. Create passkit API account; 2. Goto: https://api.passkit.com/v1/mashape/{mashape username}; 3. Authenticate with API KEY and SECRET; - pairs mashape with PassKit account",0.0,289 ms,0%
https://rapidapi.com/paymill/api/paymill-gmbh/,2023-01, paymill ,PAYMILL GmbH,< Payments made easy /> * Secure REST API * Full integration with your website * Simple pricing * Accept multiple currencies * Fast and local support * Fast account activation,,,
https://rapidapi.com/stannp.com/api/print-on-demand-postcards/,2023-01, stannp.com ,Print on demand postcards,"Images into real postcards: Send us a picture, a message and an address and we will turn this into a real printed postcard which we will dispatch same day by Royal Mail. Prepay with credits on your API key and as the cards are dispatched your balance will be reduced. Send cards to anywhere in the world. Cards sent to the UK cost 1 credit, cards to ROW are 2 credits. We have a tiered pricing structure based on volume of credits purchased. Starting at 85p and reducing to 65p with volume. We are happy to give 25 free credits to any trial platform. API keys can be obtained by contacting the Stannp team at http://www.stannp.com/apicontact.php",,,
https://rapidapi.com/crowdtilt/api/crowdtilt/,2023-01, crowdtilt ,Crowdtilt,The Crowdtilt API allows developers to quickly and easily integrate crowdfunding or group payments into their applications.,,,
https://rapidapi.com/mahirmisto/api/shopello/,2023-01, mahirmisto ,Shopello,Shopello provides an API for a product search engine offering our partners to display products.,,,
https://rapidapi.com/alexchiu/api/lashou/,2023-01, alexchiu ,lashou,API of lashou group buying.,,,
https://rapidapi.com/thebootic/api/bootic-product-search/,2023-01, thebootic ,Bootic Product Search,"Bootic is the marketplace to find a wide range of products. Bootic's Product Search API gives you direct access to all that our product search engine has to offer: keywords, products attributes, price ranges and many more features to find the exact product from the best online storefront on the Internet.",,,
https://rapidapi.com/blipadeal/api/blipadeal-worldwide-deals/,2023-01, blipadeal ,BlipADeal Worldwide Deals,"The Blip-A-Deal API allows you to utilise our database of over 6 million daily deals and coupons annually from over 14 countries around the globe. We currently have a presence in Australia, Canada, Hong Kong, India, Indonesia, Malaysia, New Zealand, Philippines, Singapore, Russia, Taiwan, Thailand, United Kingdom and United States. You can find deals based on free text, keyword, categorisation and location. The Blip-A-Deal API will make it easy to find deals that are geographically close to where you are, deals in a selected location and can even find deals that match certain free text criteria. For countries that dont have english as their primary language, translations are also provide for native and english languages. There are different ways to invoke the API so to find out more information about the API and to gain access please visit http://www.blipadeal.com/dev-api-home. If there are any bugs, problems or any general feedback please feel free to let us know",,,
https://rapidapi.com/bondarewicz/api/shipping-gear/,2023-01, bondarewicz ,Shipping Gear,Some useful stuff for eCommerce shipping. [work in progress],,,
https://rapidapi.com/vishandsavaliya/api/compare3/,2023-01, Vishal Savaliya ,compare,"search Get products from all e-com sites with image, name, and price. ratings and url",0.0,312 ms,0%
https://rapidapi.com/uwaveinnov/api/togo420/,2023-01, uwaveinnov ,togo420,"Our Cannabis API is built both for efficiency and simplicity. At togo420.com/apidocs, we have taken a complex ordering process and reduced the number of API endpoints needed to submit an order down to just 3 API endpoints(ie: Create Order, Add Product, and Submit Order). Thus, decreasing the time software developers need to navigate the complex tax structures, cannabis laws, and industry trends inherent to the cannabis business space. The end result is a Fully-Automated Direct-to-Consumer platform for ordering cannabis products. Delivering products into the hands of the consumer in a timely manner is our number one priority, usually aiming for delivery within 30 minutes. In addition, our entire supply chain consists of vendors licensed to fulfill deliveries on behalf of our API clients to end-users, the consumers.",0.0,444 ms,100%
https://rapidapi.com/andrisilaban/api/free-amazon-data-scraper/,2023-01, andrisilaban ,Free Amazon Data Scraper,"Free Amazon Data Scraper can easily access products, sales ratings, and reviews from Amazon in JSON format",0.0,813 ms,100%
https://rapidapi.com/rzabel/api/violet/,2023-01, Rhen Zabel ,Violet,"A unified, headless API for any product on the internet.",,,
https://rapidapi.com/eran2811/api/test-pg-prod/,2023-01, eran2811 ,test pg prod,123,,,
https://rapidapi.com/johannes.hinkov/api/apfelpreise/,2023-01, Johannes Hinkov ,Apfelpreise,market data for used apple products,0.0,8 ms,0%
https://rapidapi.com/dilabilasevendogs-dilabilasevendogs-default/api/dilabilasevendogs/,2023-01, DilabilaSevenDogs ,DilabilaSevendogs,TesteDesenvolvimentoSevendogs,,,
https://rapidapi.com/ewaulence/api/flight60/,2023-01, Michael Kozyukov ,Flight,Contains flight and city api,,,
https://rapidapi.com/ach-max/api/jumia-service/,2023-01, a-chikeb ,Jumia Service,"Jumia Api allows you to select the specific data you want from the [https://www.jumia.ma/] Jumia website in a JSON format. This gives you easy access to search, products, prices, categories, sales, rankings, reviews and more.",0.1,302 ms,100%
https://rapidapi.com/rahulgolwalkar/api/test5081/,2023-01, Rahul Golwalkar ,Test,sasdadf,,,
https://rapidapi.com/omahonynoel/api/queuingappapi/,2023-01, Noel O'Mahony ,QueuingAppApi,Developed for prototype queueing app,,,
https://rapidapi.com/aventador.s1/api/dd7/,2023-01, SA S ,dd,dd,0.0,0 ms,0%
https://rapidapi.com/youputmoeda/api/reconditioned-apple-devices/,2023-01, youputmoeda ,Reconditioned Apple Devices,An API that graps products of Apple that are on sale on another websites,,,
https://rapidapi.com/tsomakosfrido/api/aufgebr8/,2023-01, Chris Tsomakos ,aufgebr8,Musik Website,,,
https://rapidapi.com/Yt98/api/reflex/,2023-01, Yazan ,Reflex,Shopping Api For Reflex Android Application,,,
https://rapidapi.com/alexbourg/api/woocommerce9/,2023-01, alexbourg ,WooCommerce,Add or update a product,,,
https://rapidapi.com/anaturuchi/api/greens-amazon-scrapper/,2023-01, Anaturuchi I (Green) ,Green's Amazon Scrapper,Green's Amazon Data Scrapper,,,
https://rapidapi.com/OyaOyaMori/api/tc-amazon-data-scraper/,2023-01, OyaOyaMori ,TC Amazon Data Scraper,Amazon Data Scraper,,,
https://rapidapi.com/yanbosan/api/test3101/,2023-01, fs20041242 ,test3,é¡¶é¡¶é¡¶é¡¶,,,
https://rapidapi.com/nazar4ion/api/autozit/,2023-01, Ion Nazar ,AutozIT,scraping project,,,
https://rapidapi.com/anatoly-a5lIHcxfP/api/anttdev-102/,2023-01, Anatoly Tokalov ,anttdev 102,sfdssdf,,,
https://rapidapi.com/quan9z/api/get-sale-sendo/,2023-01, quan9z ,Get Sale Sendo,Return Sendo Sale Product by keyword in VietNam,,,
https://rapidapi.com/nastak20021/api/gribocheck/,2023-01, Nastya Maslyanyx ,Gribocheck,Simple API fir documations,,,
https://rapidapi.com/galatininet-OTwjK3miCAu/api/aci4/,2023-01, Christos Ntagkas ,aci,products,,,
https://rapidapi.com/desainku1092--dq35LzupJ7/api/odee1/,2023-01, Robert Yulisman ,Odee,Odee Endpoint Documentation,,,
https://rapidapi.com/fanistheolog/api/fanis-amazon-scraper/,2023-01, fanistheolog ,Fanis Amazon Scraper,Fanis Amazon Scraper,,,
https://rapidapi.com/souravb1998/api/fashion-api/,2023-01, Sourav Bandyopadhyay ,Fashion API,Fake shop API,0.0,13 ms,0%
https://rapidapi.com/icohen-nR_2OWZAa/api/test-with-simple-api/,2023-10, Han06 ,test with simple API,test with simple API,,,
https://rapidapi.com/mouradgdah/api/invoice2/,2023-01, Mourad GDAH ,invoice,Invoice QR,,,
https://rapidapi.com/bankypham1009/api/vincode1/,2023-01, Banky Pham ,Vincode,Vincode,,,
https://rapidapi.com/VictorOpere/api/certified-vic-amazon-scrapper/,2023-01, VictorOpere ,Certified Vic Amazon Scrapper,It Fetches Data From Amazon in JSON format,,,
https://rapidapi.com/yanbosan/api/test1285/,2023-01, fs20041242 ,test,this is a test api,0.0,937 ms,100%
https://rapidapi.com/azaprime/api/azaprime/,2023-01, azaprime ,Azaprime,Date calculator,,,
https://rapidapi.com/sayadatt/api/register-customer/,2023-01, sayadatt ,Register Customer,create User Name of the customer based on his full name,,,
https://rapidapi.com/michellesokolov/api/ravproducts/,2023-01, michellesokolov ,ravproducts,API for raven's restoration,,,
https://rapidapi.com/antonyrapid/api/imagegur/,2023-01, antrapid ,Imagegur,postman to oas testing,,,
https://rapidapi.com/sangnlh/api/amazon-scraper35/,2023-01, sangnlhs ,Amazon Scraper,A,,,
https://rapidapi.com/infotcjeff/api/restapitest/,2023-01, jeff tc ,restapitest,restapitest,,,
https://rapidapi.com/semprefcb1/api/galaxytech/,2023-01, IC ,GalaxyTech,mobile phone software- hardware and glass repairing,,,
https://rapidapi.com/helloprint-helloprint-default/api/printmatch/,2023-01, Helloprint ,Printmatch,Printmatch,,,
https://rapidapi.com/gs130899/api/amazon-india-web-scraper/,2023-01, Gurjot Singh ,Amazon India Web Scraper,"Amazon India Web Scraper is an API through which your can get product details, product reviews and product offers. You can also get search results for a particular keyword.",0.0,959 ms,100%
https://rapidapi.com/Alvinkariuki/api/alkari-amazon-web-scraper/,2023-01, Alvinkariuki ,alkari amazon web scraper,I was bored so I wrote this not so complex code,,,
https://rapidapi.com/my-big-ass-my-big-ass-default/api/sofastbabe/,2023-01, My big ass ,sofastbabe,This api is fast as your crush leaving you,,,
https://rapidapi.com/armirazai/api/api194/,2023-01, Zazai ,API1,API1,,,
https://rapidapi.com/ranjithjupaka/api/amazon-data-scrapper5/,2023-01, Ranjith JUPAKA ,Amazon data scrapper,"it scraps the data of products, product reviews, search results, best sellers",,,
https://rapidapi.com/harshangandamalla/api/feedback10/,2023-01, Harshan GAK ,feedback,feedback form for customers,,,
https://rapidapi.com/leandroluk/api/busca-endereco/,2023-01, Leandro Santiago Gomes ,busca-endereco,API para encontrar o CEP de um determinado endereÃ§o utilizando o sistema dos Correios,0.0,459 ms,100%
https://rapidapi.com/paolomelotto-c4HXPaZn3cD/api/shop-toscanaconalexandra/,2023-01, Paolo Melotto ,Shop Toscanaconalexandra,Shop Toscanaconalexandra Shop ToscanaconalexandraShop ToscanaconalexandraShop ToscanaconalexandraShop ToscanaconalexandraShop ToscanaconalexandraShop ToscanaconalexandraShop ToscanaconalexandraShop Toscanaconalexandra,,,
https://rapidapi.com/gaeth466/api/realestate18/,2023-01, Gaeth Omari ,REALESTATE,real-estate data,0.0,"127,263 ms",0%
https://rapidapi.com/sroopsai/api/verifyxpress1/,2023-05, sroopsai ,VerifyXpress,Email Validation API,,,
https://rapidapi.com/iraklisivsivadze-erKogyL7_Qt/api/test-flask1/,2023-01, Irakli Sivsivadze ,Test flask,testing flask api,,,
https://rapidapi.com/sidd5449-Coap4qIyR1b/api/amazon-scrapper12/,2023-01, siddhesh thakare. ,Amazon scrapper,An amazing API that provides you with all the product data you need.,,,
https://rapidapi.com/hossamelsharkawy/api/simplecart/,2023-01, Hossam Elshrkawy ,SimpleCart,SimpleCart,,,
https://rapidapi.com/cluutch/api/weed-prices-by-cluutch/,2023-01, cluutch ,Weed prices by Cluutch,Daily price for an ounce of weed in USA,,,
https://rapidapi.com/zubairyou/api/test3893/,2023-01, zubair abdullah ,test,testing,,,
https://rapidapi.com/sidd5449-Coap4qIyR1b/api/amazon-product-data4/,2023-01, siddhesh thakare. ,Amazon Product Data,"This API is a quick way to get data about any product on amazon, including its reviews, offers, and overall description. You can also get search results using this API.",0.0,159 ms,0%
https://rapidapi.com/abanoblotfy91/api/unofficial-amazon-scraper/,2023-01, Bebo Ghattas ,Unofficial Amazon Scraper,"Get Amazon search results, Product detail page, product reviews directly parsed into JSON format for easy processing",,,
https://rapidapi.com/mastalyn010203/api/volover/,2023-01, kevin chamoin ,volover,bike,,,
https://rapidapi.com/graymax33/api/netflow/,2023-01, Max gray ,Netflow,Product research,,,
https://rapidapi.com/iftiin-koox-iftiin-koox-default/api/diamond-api/,2023-01, Iftiin-api ,Diamond-API,"Comprehensive api about the prices of diamonds decided by 10 categories including carat, cut, color, clarity, ect... Based on Diamonds Prices2022.csv",,,
https://rapidapi.com/rfcorp-rfcorp-default/api/kuwait-gold-prices/,2023-01, RFCORP ,Kuwait Gold Prices,Gold Prices in Kuwait,,,
https://rapidapi.com/kleepordd/api/cc-check/,2023-08, kleepordd ,cc check,CC Checker Braintree API,,,
https://rapidapi.com/relaxed/api/graphql-ean-search/,2023-01, Relaxed Communications GmbH ,GraphQL EAN Search,"Search for EAN, UPC or GTIN barcodes and products",,,
https://rapidapi.com/franciscotrindade018/api/standvirtual1/,2023-08, Francisco Trindade ,Standvirtual,"Portuguese website ""StandVirtual"" [Car Marke Website] non official API",,,
