APIÈìæÊé•,Update_Time,Author,APIÂêçÁß∞,APIÊèèËø∞,API Popularity,API Latency,API Service Level
https://rapidapi.com/miguel.aka.kelter/api/hashtagy-generate-hashtags/,2023-11, Miguel Antunes ,Hashtagy - Generate Hashtags,Easy & Fast way of generating hashtags for your social media accounts.,9.8,"1,927 ms",100%
https://rapidapi.com/ariefsam/api/easy-instagram-service/,2023-11, Arief ,Easy Instagram Service,"You will not pay for empty or error response. Get Instagram public details, follower, following, post. contact us for more plan",9.8,"5,186 ms",99%
https://rapidapi.com/hailbytes-hailbytes-default/api/social-scanner/,2023-06, Hailtes ,Social Scanner,,9.6,"14,385 ms",99%
https://rapidapi.com/OSoMe/api/botometer-pro/,2023-05, Observatory on Social Media ,Botometer Pro,Botometer¬Æ checks Twitter accounts for possibly automated activity.,9.9,693 ms,97%
https://rapidapi.com/microworlds/api/twitter-scraper2/,2023-11, API nerd ,Twitter Scraper,Search and extract Twitter data at scale üöÄ Extract up to 800 tweets per search query.,9.7,"43,749 ms",99%
https://rapidapi.com/socialminer/api/reddit34/,2022-11, social miner ,Reddit,Please join our telegram channel to get notified about updates. https://t.me/social_miner_news,9.6,"1,149 ms",100%
https://rapidapi.com/AdKT36/api/tik-tok-feed/,2023-10, VƒÉn Anh ,Tik-Tok-Feed,"Get Tiktok data: User Feed, Music Feed, Challenge Feed",9.9,"5,659 ms",100%
https://rapidapi.com/AlanWang/api/tiktokperseus2/,2023-11, AlanWang ,TiktokPerseus,"TikTok signature/encryption protocol service, stably support for a single customer with an average of millions of calls per day.",9.9,575 ms,100%
https://rapidapi.com/rocketapi/api/rocketapi-for-instagram/,2023-05, RocketAPI ,RocketAPI for Instagram,"üöÄ Fast and stable Instagram API. Scrape any information from IG: user infos, media, stories, comments and more. Don't miss! Custom plans and crypto payments are available on request ‚Äì feel free to contact us https://t.me/rocketapi or contact@rocketapi.io. We will be happy to help you integrate the API into your system.",9.9,"2,075 ms",100%
https://rapidapi.com/maatootz/api/tiktok-full-info-without-watermark/,2023-09, maatootz ,Tiktok full info without watermark,Fast .. Stable .. Without Watermark APi gives you full info about tiktok posts and videos without watermark,9.9,"5,300 ms",99%
https://rapidapi.com/arraybobo/api/instagram-scraper-2022/,2023-11, illusion ,Instagram Scraper 2022,**API Instagram.** Get a lot of information from Instagram consistently and quickly! `Uptime: 99.98%` Support: [@api_profi](https://t.me/api_profi) Channel: [@ig_api](https://t.me/ig_api) Site: [apiprofi.com](https://apiprofi.com),9.9,"3,247 ms",99%
https://rapidapi.com/contact-cmWXEDTql/api/kwai4/,2022-11, aimadnet ,Kwai,"Kwai Private API (TikTok like mobile app), Best Kwai Scraping API, non-blocking API, contact us if you want a custom plan. http://t.me/aimadnet",9.7,"80,220 ms",57%
https://rapidapi.com/WorldOfApis/api/telegram102/,2023-11, WorldOfApis ,Telegram,Best Telegram Api so far,9.7,"2,963 ms",97%
https://rapidapi.com/bravedownz/api/facebook-story-saver-and-video-downloader/,2023-10, bravedownz ,FaceBook Story Saver and Video Downloader,"The FaceBook Story Saver and Video Downloader API provides a seamless solution to download content from popular sources, empowering you to effortlessly save Facebook stories and videos. Enjoy exceptional support and benefit from regular software updates. Discover this powerful tool at BraveDown.Com.",9.8,"5,935 ms",100%
https://rapidapi.com/logicbuilder/api/instagram-data1/,2023-11, Kart Stewart ,Instagram Data,Real-time Instagram data API. Get very useful and unique information directly from Instagram. I'm on Telegram https://t.me/logicBuilder News and announcements Telegram Channel https://t.me/logicApi,9.9,"2,001 ms",100%
https://rapidapi.com/takkbbl4/api/uplifting-instagram-comment-generator/,2023-04, Felix Melchner ,Uplifting-Instagram-Comment-Generator,Increase your engagement with contextual auto-generated comments.,9.6,"27,916 ms",82%
https://rapidapi.com/winterfox/api/tiktok_solutions/,2022-11, winterfox ,TikTok_Solutions,Best TikTok solutions for scrap info,9.8,"9,005 ms",90%
https://rapidapi.com/Seymon/api/onlyfans-profile-scraper2/,2023-08, Seymon ,OnlyFans Profile Scraper,"Scrapes OnlyFans profile data, e.g. profile / header image URL, pricing, description, etc ...",9.6,"5,525 ms",91%
https://rapidapi.com/davethebeast/api/twitter241/,2023-10, davethebeast ,Twitter,"Introducing a powerful Twitter API / X API with endpoints to help you access valuable Twitter data. With our X API, you can easily retrieve tweet details, user followers and followings, post likes, comments, quoted tweets, and retweets. You can also search for top, latest, videos, photos, and people, and access user tweets, replies, media, likes, and info by username or ID. Additionally, our autocomplete function helps you complete typed values with ease. We will add much more endpoints as ti...",9.9,977 ms,100%
https://rapidapi.com/mrcodar7/api/tiktok-full-video-info-without-watermark/,2022-11, Mohammed ,TikTok Full Video Info (without watermark),A fast and stable API that uses a request directly to the TikTok server.,9.7,"26,771 ms",85%
https://rapidapi.com/twttrapi-twttrapi-default/api/twttrapi/,2023-10, twttrapi ,TwttrAPI,"(Discord server: https://discord.gg/TKJJYppYKj) TwttrAPI is an unofficial X (Twitter) API with various features for easy access to X data. It supports X Login + 2FA, tweet retrieval, user and search results, content interaction, tweet creation/deletion, and direct message access. It's ideal for scraping public data or building X API-based applications. Reach us at contact@twttrapi.com for custom plans and inquiries.",9.9,"5,046 ms",95%
https://rapidapi.com/omarmhaimdat/api/youtube-v2/,2023-05, Omar M'Haimdat ,Youtube V2,"Youtube API for search, videos, channels, trending, recommendation",9.9,603 ms,100%
https://rapidapi.com/neotank/api/instagram130/,2023-08, neotank ,instagram,"Instagram API. Retrieve public Instagram account information easily with simple endpoints. Reliable and fast. Ready to use PHP Scraper: https://github.com/skmachine/instagram-php-scraper . UPDATED FOR STABLE WORK, 95% success rate for /account-info (AUG 2023). Bigger private plans and crypto payments are available on request - contact me on Telegram https://t.me/neot55",9.9,"5,060 ms",98%
https://rapidapi.com/viperscores-viperscores-default/api/twitter-aio/,2023-11, Viper Tools ,Twitter AIO,"Access real-time data as soon as it's posted! With the Twitter AIO API, you can retrieve tweets, spaces, media and profiles instantly. Say goodbye to expensive fees charged by Twitter while still getting access to all the available data.",9.9,"1,459 ms",100%
https://rapidapi.com/restocked-gAGxip8a_/api/twitter-api47/,2023-11, restocked ,Twitter API,Twitter Public API,9.9,"1,008 ms",100%
https://rapidapi.com/omarmhaimdat/api/twitter-v24/,2023-11, Omar M'Haimdat ,Twitter V2,Twitter public data API for Tweets and users,9.9,"1,339 ms",100%
https://rapidapi.com/akrakoro/api/telegram-channel/,2023-07, Akra Koro ,Telegram Channel,FASTEST real-time Telegram API. Fetch channel's info and messages in milliseconds. FREE if getting empty response!,9.8,422 ms,100%
https://rapidapi.com/ponds4552/api/tiktok-best-experience/,2022-11, Lobster ,TikTok best experience,Highly available easy-to-use **TikTok** intelligent **proxy** with the best performance. Get any data from Instagram with **99.99% uptime**. Bigger API plans and **additional functionality** are available on request. Looking forward to hearing you on Telegram: **https://t.me/chilledlobster**. #tiktok #tik #tok #tik-tok #video #music #user #feed #hashtag #challenge #trending #trend #comments #comment #image #photo #media #search #scrapper #grabber,9.9,"2,877 ms",100%
https://rapidapi.com/ytwtptq/api/tiktok-no-watermark-video1/,2022-11, Labs Flying ,TikTok No Watermark Video,TikTok/Douyin No Watermark Video Downloader https://t.me/flyinglabs #tiktok #tik #tok #tik-tok #douyin #video #music #user #feed #scrapper #grabber,9.5,"3,887 ms",100%
https://rapidapi.com/tikwm-tikwm-default/api/tiktok-scraper7/,2023-05, TIKWM ,Tiktok Scraper,"The best Tiktok Scraper, cheap, fast, stable, supports getting videos in original quality. Our API enables you to get data from Tiktok, including Trends, Users, Posts, Posts, Comments, Followers, Followers. You can also sign X-Argus, X-Ladon through our API to help your own APP send requests to Tiktok endpoints. If you need a larger package, or have any suggestions, please send us your message through the About page.",9.8,828 ms,100%
https://rapidapi.com/eaidoo015-pj8dZiAnLJJ/api/instagram-saver-download-anything-on-instagram/,2023-08, Mr. Newton ,Instagram Saver - Download Anything on Instagram,"Download Instagram Stories, Reels, IGTV, Videos, Images, Carousel, etc.",9.8,"28,127 ms",44%
https://rapidapi.com/webglyapi-gender-prediction/api/genderify3/,2023-11, WebglyAPI ,Genderify3,"Detect gender API, predict Male or Female by Name or Email Address with high accuracy. Determine the gender of a name. New Update Version 3.",9.5,144 ms,100%
https://rapidapi.com/salayahiaoui/api/quotes-api8/,2023-04, Salah YAHIAOUI ,Quotes API,"The Quotes API is a powerful and comprehensive resource, providing access to over 190,000 unique quotes spanning a wide range of topics and sources. Designed with user experience and versatility in mind, the API offers a variety of endpoints to cater to different use cases and requirements, making it an ideal choice for developers, content creators, and enthusiasts alike.",9.6,"3,587 ms",100%
https://rapidapi.com/Glavier/api/meta-threads/,2023-07, Glavier ,Meta Threads,Meta's new social media app Threads (like Twitter). Get the data of the application that can be logged in with Instagram thanks to the API.,9.8,641 ms,86%
https://rapidapi.com/thekirtan/api/instagram210/,2022-11, Social Api ,Instagram,Instagram most needed endpoints,9.9,"2,937 ms",100%
https://rapidapi.com/Sonjik/api/tokapi-mobile-version/,2023-11, Somjik ,TokApi - mobile version,Highly available **unofficial tiktok mobile** API. We are doing our best for make your life easy. Bigger API plans and additional functionality are available on request.,9.9,"1,368 ms",100%
https://rapidapi.com/uzapishop/api/instagram-downloader-download-instagram-videos-stories1/,2023-08, uzapishop ,Instagram Downloader - Download Instagram Videos - Stories,"Download Reels, IGTV , Videos , Photos , Stories , Carousel & Profile Pictures From Instagram Download any Instagram media type! Now serving more than 10M requests per week! More than 250M APICalls last year . Stories are supported . Smart endpoint to recognize the type of media, one URL for all instead of connecting to a lot of endpoints. Backup method to avoid any problems! powered by strong servers The lowest Latency time in the market !! cheap plans and high value",9.9,"8,698 ms",97%
https://rapidapi.com/arashtaak/api/instagram-downloader/,2023-07, andrew ,instagram downloader,API instagram Download Get Story and Highlight and Post and reels and igtv and Media from Instagram consistently and quickly! Need some quick help? Personal: ![](https://telegram.org/img/favicon-16x16.png) [@arashroid](https://t.me/arashroid) Channel : ![](https://telegram.org/img/favicon-16x16.png) [@instagram_api](https://t.me/instagram_api),9.8,"2,672 ms",100%
https://rapidapi.com/yi005/api/tiktok-video-no-watermark2/,2023-10, yi005 ,Tiktok video no watermark,"Tiktok Best Spider. Fast. HD Quality. Without Watermark Download. Video Full Detail. Signature X-Argus,X-Ladon,X-Gorgon. Contact us(https://t.me/lyi005) for a small or large package.",9.9,758 ms,100%
https://rapidapi.com/artemlipko/api/instagram-statistics-api/,2023-11, Artem Lipko ,Instagram Statistics API,"One integration with all social networks! Universal API social media. Instagram, YouTube, TikTok, Facebook, Twitter, Telegram, Viber, etc.). Stable and Fast. Data scraper: Followers, interactions, Fake Followers, Engagement Rate, Mentions, Quality Score, hashtags, ...etc. Business and Influencers audience demographics, interest categories. Search accounts by country, demographics, category and more metrics. Get historical data.",9.9,743 ms,100%
https://rapidapi.com/SteveJobsnihack/api/flycaptcha/,2023-11, SteveJobsnihack ,flyCaptcha,"The Number #1 TikTok Captcha Solving Service on RapidAPI. We provide a highly maintained, up-to-date and scalable API based solution for many possible use cases and applications.",9.9,"6,783 ms",96%
https://rapidapi.com/iq.faceok/api/instagram-looter2/,2023-10, Lonar services ,Instagram Looter,Access Instagram Data with Precision and Speed! Utilize Intelligent Request Filtering for Guaranteed 99.99% Response.,9.9,"4,225 ms",100%
https://rapidapi.com/iq.faceok/api/tiktok89/,2023-10, Lonar services ,TikTok,Fast. Without Watermark Download. Video Full Detail.,9.8,"2,683 ms",100%
https://rapidapi.com/fariswdcash-434L2ELS8qx/api/tiktok-user/,2022-11, capung GGWP ,Tiktok User,Get profile information from tiktok user,9.7,"2,620 ms",100%
https://rapidapi.com/shahzodomonboyev0/api/instagram-post-and-reels-downloader/,2023-10, Shahzod Omonboyev (Sanjarivich) ,Instagram Post and Reels downloader,"This is Post , Stories ,hglighs and Reels downloader in Instagram",9.8,"11,635 ms",97%
https://rapidapi.com/omarcosramiro/api/instagram-fast/,2023-08, Marcos ,Instagram Fast,"Instagram API. Get all instagram information, no proxy need. Scrap up to 200k Instagram profile per day. It‚Äôs capable to handle high volume. Simple, secure and fast. Need some quick help? https://t.me/omarcosr",9.7,"6,319 ms",90%
https://rapidapi.com/officialofun-C-wpfpix418/api/instagram-downloader-reels-and-videos-downloader/,2023-09, Farhan Ali ,Instagram Downloader - Reels and Videos Downloader,Powerful Api fetch Instagram Download Links.,9.6,"4,492 ms",100%
https://rapidapi.com/3205/api/instagram120/,2023-08, 9527 ,instagram,"Fetch any data from Instagram: photo and video links, profile info, stories, highlights. Uptime 97%. All the latest 2023 updates!",9.9,"2,116 ms",97%
https://rapidapi.com/JustMobi/api/pinterest-downloader-download-pinterest-image-video-and-reels/,2023-10, JustMobi ,Pinterest Downloader - Download Pinterest image Video and reels,"This API allows you to retrieve information about a specific pin on Pinterest. You can use it to retrieve details such as the pin‚Äôs title, description, image, video, gif, reel. With the Pinterest Downloader API, you can easily access and leverage the wealth of information available on Pinterest. telegram DM: https://t.me/justmobicode",9.8,638 ms,100%
https://rapidapi.com/thekirtan/api/tiktok28/,2021-11, Social Api ,Tiktok,Highly maintain and accurate T-tok API to fetch profiles or feeds in bulk.,9.8,"5,398 ms",99%
https://rapidapi.com/Glavier/api/instagram191/,2023-09, Glavier ,Instagram,"Instagram public data scraper API for search, users, posts, hashtags, locations and more.",9.8,"1,488 ms",85%
https://rapidapi.com/littlesun123/api/tiktok-video-no-watermark10/,2023-11, Amanda ,Tiktok video no watermark,"Tiktok Best Spider. Fast. HD Quality. Without Watermark Download. Video Full Detail. Signature X-Argus,X-Ladon,X-Gorgon. Contact us for a small or large package. TikTok API. Using it, you can get the following. signature x-argus,x-ladon,x-gorgon, no watermark video,tiktok stories,trending feed by region, user info, user post video, user following list, hot video list, hot challenge list, comment list by video, search video, search user, ads video no watermark ‚Ä¶",9.9,"2,085 ms",99%
https://rapidapi.com/i-YqErDdkq0t/api/telegram92/,2023-01, Telegram API Provider ,Telegram,"Get information about users, channels, chats, bots, messages, number of subscribers, views in milliseconds. Realtime Telegram API. Questions, wishes, cooperation - info@telegramdns.space",9.8,"3,292 ms",100%
https://rapidapi.com/UnlimitedAPI/api/twitter-v23/,2023-04, UnlimitedAPI ,Twitter v2,"Twitter public and private data API for search, Tweets, users, followers, images, media and more.",9.9,"1,504 ms",100%
https://rapidapi.com/Instagapicom/api/instagram-scraper-20231/,2023-10, Instagapicom ,Instagram Scraper 2023,Fast Live Instagram API. All information from Instagram consistently and quickly! It makes 3 times in the backend request for you to get 100% successful response. Need help or custom plan? https://instagapi.com | https://t.me/instagapi,9.9,"1,859 ms",100%
https://rapidapi.com/ajithjojo1230/api/tiktok-hashtag-generator/,2023-02, Getecz ,TikTok Hashtag Generator,TikTok Hashtag Generator API,9.5,684 ms,100%
https://rapidapi.com/UnlimitedAPI/api/youtube-channel-details/,2022-11, UnlimitedAPI ,YouTube Channel Details,YouTube Channel Details API,9.7,221 ms,100%
https://rapidapi.com/mrngstar/api/instagram-api-20231/,2023-11, mrngstar ,Instagram API 2023,"Best Instagram Scraper API 2023 ‚óè Launched in May 2023 ‚óè 100% real-time data, no cache, no-CORS media, advanced profile, get access to hidden insights & more.",9.8,"3,262 ms",100%
https://rapidapi.com/maatootz/api/instagram-story-downloader-media-downloader/,2023-10, maatootz ,Instagram Story Downloader - Media downloader,"Download Stories by username or link, Download Reels ,IGTV , Profile pictures, and photos! Download any Instagram media type! - Stories are supported to be downloaded by username or URL. - Smart endpoint to recognize the type of media, one URL for all instead of connecting to a lot of endpoints. - NEW - Backup method to avoid any problems! - powered by strong servers - The lowest latencny time in the market !! - affordable plans and high value (The #1 option on the market)",9.9,"7,408 ms",97%
https://rapidapi.com/Instagapicom/api/instagram243/,2023-10, Instagapicom ,Instagram,Fast Live Instagram API. All information from Instagram consistently and quickly! It makes 3 times in the backend request for you to get 100% successful response. Need help or custom plan? https://instagapi.com - https://t.me/instagapi,9.9,"1,700 ms",100%
https://rapidapi.com/arraybobo/api/instagram-media-downloader/,2023-06, illusion ,Instagram Media Downloader,"Download any media from instagram. Stable work, constant support. [Full new improved parsing https://rapidapi.com/arraybobo/api/instagram-scraper-2022/]",9.9,"2,404 ms",100%
https://rapidapi.com/williambarberjr/api/linkedin-company-data/,2022-11, William Barber ,Linkedin Company Data,"Given a company's webpage, or linkedin company url this rest API returns 25+ fields about the company including Crunchbase funding info, three to four employee profiles from the company, and recent company LinkedIn posts. Postman documentation available here: https://documenter.getpostman.com/view/10812513/UVeGpQqo",9.9,"4,284 ms",84%
https://rapidapi.com/best-solutions-best-solutions-default/api/instagram-api-cheap-best-performance/,2023-03, Best Solutions ,Instagram API Cheap & Best performance,Highly available easy-to-use **Instagram** intelligent **proxy** with the best performance. Get any data from Instagram with **99.99% uptime**. Bigger API plans and **additional functionality** are available on request. Looking forward to hearing you on Telegram: **https://t.me/chilledlobster**. #instagram #ig #feed #post #story #highlight #igtv #reel #insta #inst #user #profile #search #comment #followers #following #video #photo #image #media #hashtag #scrapper #grabber,9.6,"3,023 ms",99%
https://rapidapi.com/mrngstar/api/instagram-bulk-scraper-latest/,2023-11, mrngstar ,Instagram Bulk Scraper Latest,"Best Instagram Scraper & Downloader 2023 ‚óè Launched in July 2023 ‚óè Download HD stories, highlights, reels, posts, profiles, reel audios (no-CORS media) ‚óè 100% real-time data, user posts, user info, hashtag, reels & many more",9.9,"3,231 ms",100%
https://rapidapi.com/3205/api/facebook17/,2023-08, 9527 ,facebook,The API allows you to get a link to download a public Facebook video in any available quality. Try it on the free plan,9.9,"3,575 ms",77%
https://rapidapi.com/serhaterfidan/api/threads-api1/,2023-10, Serhat E ,Threads API,"Unofficial Threads API for Threads feed, followers",9.6,466 ms,100%
https://rapidapi.com/liuzhaolong765481/api/tiktok-video-feature-summary/,2023-11, voyagel ,Tiktok Video Feature Summary,"Contains TikTok && Douyin HD videos without watermark and user, post, music, search, feeds, comments, followers, and trends. And if you need any help you can send me private message or Email : labppabp@hotmail.com, Telegram (https://t.me/voyagell)",9.9,506 ms,100%
https://rapidapi.com/instagramdp-instagramdp-default/api/instagram-api-media-downloader/,2023-07, InstagramDP ,Instagram API - Media Downloader,"Cheapest Instagram API: HD profile pictures, download stories, reels, videos, photos and more!",9.7,"2,459 ms",94%
https://rapidapi.com/maatootz/api/tiktok-downloader-download-tiktok-videos-without-watermark/,2023-02, maatootz ,TikTok Downloader - Download TikTok Videos without watermark,TikTok Downloader API - Download TikTok Videos without watermark mp4 and mp3,9.9,"13,235 ms",94%
https://rapidapi.com/maxcukerbergs007/api/instagram-premium-api-2023/,2023-11, MaximPremium ,Instagram Premium API 2023,"The most complete Instagram API, all Instagram features are open! üíµ Low price ‚ö°Ô∏è 100% Uptime üöÄ Super Fast Instagram API üîã Available 300 req/sec",9.9,"3,237 ms",95%
https://rapidapi.com/3205/api/youtube86/,2023-07, 9527 ,youtube,Get a link to a YouTube video in any quality and resolution in less than 2 seconds! Over 3 mln users download videos thanks to us,9.7,831 ms,97%
https://rapidapi.com/ionxccd/api/twitter-hashtags/,2023-08, ionxccd ,Twitter Hashtags,An unoffical twitter hashtag api,9.5,"2,650 ms",97%
https://rapidapi.com/scraptik-api-scraptik-api-default/api/scraptik/,2023-11, scraptik-labs ,ScrapTik,"ScrapTik is the #1 TikTok scraping API solution and allows you to unlock TikTok data effortlessly. As the most stable and always-maintained option available, ScrapTik empowers you to seamlessly access data from the TikTok mobile app, including user, post, music, search, feeds, comments, followers, and trends. Our comprehensive toolkit also includes advanced features like X-Argus, X-Ladon, X-Gorgon generation, challenge resolution, and device registration. With frequent updates and a commitm...",9.9,"2,240 ms",97%
https://rapidapi.com/inutil-inutil-default/api/whatsapp-data/,2023-10, inUtil Labs ,whatsapp data,Retrieve WhatsApp profile data,9.8,434 ms,100%
https://rapidapi.com/ajithjojo1230/api/instagram-hashtags/,2022-11, Getecz ,Instagram Hashtags,"Hashtag Generator API - Generate up to 35 times free hashtags everyday. For private plans, custom plans, custom billing contact : info@getecz.com",9.6,848 ms,100%
https://rapidapi.com/ponds4552/api/instagram-best-experience/,2023-09, Lobster ,Instagram best experience,Highly available easy-to-use **Instagram** intelligent **proxy** with the best performance. Get any data from Instagram with **99.99% uptime**. Bigger API plans and **additional functionality** are available on request. Looking forward to hearing you on Telegram: **https://t.me/chilledlobster**. #instagram #ig #feed #post #story #highlight #igtv #reel #insta #inst #user #profile #search #comment #followers #following #video #photo #image #media #hashtag #scrapper #grabber,9.9,"2,712 ms",99%
https://rapidapi.com/JoTucker/api/instagram-scraper2/,2022-11, JoTucker ,Instagram Scraper,Get anything you need from instagram. Telegram https://t.me/JoTucker2022,9.9,"2,860 ms",100%
https://rapidapi.com/socialminer/api/snapchat3/,2023-04, social miner ,Snapchat,Snapchat API,9.7,374 ms,100%
https://rapidapi.com/TerminalWarlord/api/tiktok-info/,2023-06, Joy Biswas ,TikTok Info,"Get TikTok Video data along with detailed information about Author, User Feed, Music .",9.6,823 ms,81%
https://rapidapi.com/socialminer/api/instagram39/,2023-09, social miner ,Instagram,Please join our telegram channel to get notified about updates. https://t.me/social_miner_news,9.5,"1,044 ms",99%
https://rapidapi.com/liucccccccccccc/api/instagram-cheapest/,2023-11, liucccccccccccc ,Instagram Cheapest,2023ÔºåReal-time and cheapest Instagram data APIÔºåraw json„ÄÇuserÔºåmediaÔºåhashtag„ÄÇÊúÄ‰æøÂÆúÁöÑinstagram api,9.8,"6,357 ms",100%
https://rapidapi.com/JustMobi/api/likee-downloader-download-likee-videos/,2023-09, JustMobi ,Likee Downloader - Download Likee videos,"This API allows you to retrieve information about a specific video on Likee. You can use it to retrieve details such as title, description, image, video. With the Likee Downloader API, you can easily access and leverage the wealth of information available on Likee. telegram DM: https://t.me/justmobicode",9.6,"1,365 ms",100%
https://rapidapi.com/3205/api/twitter65/,2023-07, 9527 ,twitter,The API allows you to get a link to download a public Twitter video in any available quality. Try it on the free plan,9.6,686 ms,85%
https://rapidapi.com/yuananf/api/soundcloud4/,2021-11, Crawler ,Soundcloud,Soundcloud api,9.7,"1,505 ms",100%
https://rapidapi.com/yuananf/api/instagram28/,2023-11, Crawler ,Instagram,instagram api,9.9,"2,875 ms",100%
https://rapidapi.com/congco88/api/tiktok-private1/,2023-10, congco ,TikTok Private,"Fastest, Highly Maintained TikTok API, Build For Massive TikTok Scraping. Get TikTok User Profile, Post, Feed, Trends, Hashtags, Music and Download Video Without Watermark.",9.9,"3,570 ms",100%
https://rapidapi.com/omergulen/api/threads-by-instagram-fast/,2023-08, Sqerty ,Threads by Instagram (Fast),"Blazing fast Threads API (Twitter alternative) for accessing user and Threads post details such as user id, user details, posts (threads), reposts, post details, likes, replies, and more... Already empowering products with 10M+ requests a month.",9.7,"1,651 ms",99%
https://rapidapi.com/datauniverse/api/tiktok82/,2023-09, datauniverse ,TikTok,TikTok API,9.9,"3,522 ms",100%
https://rapidapi.com/JoTucker/api/tiktok-scraper2/,2023-01, JoTucker ,TikTok Scraper,Get basic tiktok user info and medias. Cheap and stable. Telegram https://t.me/JoTucker2022,9.9,404 ms,100%
https://rapidapi.com/cda-industries-cda-industries-default/api/onlyfans/,2022-11, CDA Industries ,OnlyFans,apis for onlyfans,9.5,"2,317 ms",69%
https://rapidapi.com/kingsizeblock/api/gwyo-twitch/,2022-11, Gwyo ,gwyo-twitch,"This API gives access to informations about a User / Channel, and Streams on Twitch.",9.8,"2,285 ms",94%
https://rapidapi.com/KingBes/api/tiktok-video-no-watermark9/,2023-10, KingBes ,Tiktok video no watermark,"TikTok API. Using it, you can get the following. signature x-argus,x-ladon,x-gorgon, no watermark video,tiktok stories,trending feed by region, user info, user post video, user following list, hot video list, hot challenge list, comment list by video, search video, search user, ads video no watermark ‚Ä¶",9.7,993 ms,100%
https://rapidapi.com/maatootz/api/instagram-downloader-download-instagram-videos-stories/,2023-10, maatootz ,Instagram Downloader - Download Instagram Videos - Stories,"Download Reels, IGTV , Videos , Photos , Stories , Carousel & Profile Pictures From Instagram",9.9,"7,161 ms",96%
https://rapidapi.com/JustMobi/api/twitter-downloader-download-twitter-videos-gifs-and-images/,2023-11, JustMobi ,"Twitter Downloader - Download Twitter videos, GIFs, and images","This API allows you to retrieve information about a specific tweet on Twitter. You can use it to retrieve details such as the tweet‚Äôs title, description, image, video, gif. With the Twitter Downloader API, you can easily access and leverage the wealth of information available on Twitter. telegram DM: https://t.me/justmobicode",9.9,371 ms,100%
https://rapidapi.com/bravedownz/api/api-douyin-downloader-without-watermark-download-douyin-videos/,2023-10, bravedownz ,API Douyin Downloader Without Watermark - Download Douyin Videos,"Discover the power of our Douyin Downloader API, designed to revolutionize the way you download videos from Douyin (TikTok). With our API, effortlessly fetch and save high-quality videos from Douyin's vast collection. Seamlessly integrate our API into your applications or services, empowering your users to conveniently download captivating Douyin content. Simplify the video download process and elevate your user experience with our robust Douyin Downloader API.",9.6,"3,791 ms",100%
https://rapidapi.com/neotank/api/tiktok-bulletproof/,2023-05, neotank ,TikTok Bulletproof,"The stable Tiktok API. I intend to keep it simple in terms of amount of endpoints, and make sure it is operational 99.9% of time instead. If you don't like the stability - you can get a refund, no questions asked. Bigger custom plans and crypto payments are available on request - contact https://t.me/neot55",9.8,"4,372 ms",100%
https://rapidapi.com/jayeshvijay649/api/quiz26/,2023-07, jayesh Vijay ,QUIZ,"The Quiz API is a powerful and versatile tool designed to provide developers with easy access to a wide range of quiz-related functionalities. With this API, you can seamlessly integrate quizzes into your applications, websites, or educational platforms. Whether you're building a learning management system, a trivia game, or a quiz-based assessment platform, the Quiz API has got you covered.",9.7,"5,261 ms",99%
https://rapidapi.com/littlesun123/api/tiktok-api15/,2023-11, Amanda ,Tiktok Api,"Charge based on usage.TikTok crawling API solution allows you to easily unlock TikToks data. As the most stable and frequently maintained option, it allows you to seamlessly access data in TikTok mobile applications, including users, posts, music, searches, feeds, comments, followers, and trends. Our comprehensive toolkit also includes advanced features such as X-Argus, X-Ladon, X-Gorgon generation, challenge solving, and device registration. With frequent updates and a commitment to cu...",9.8,"1,197 ms",100%
https://rapidapi.com/vahota/api/instagram-story-and-highlights-saver/,2021-11, vahota ,Instagram Story and Highlights Saver,Download Instagram Stories or Story Highlights.,9.7,"1,550 ms",100%
https://rapidapi.com/thekirtan/api/instagram-bulk-profile-scrapper/,2023-10, Social Api ,Instagram Bulk Profile Scrapper,Highly maintained and Stable Instagram Api. Scrap up to 200k Instagram profile per day. It's capable to handle high volume. Contact me for custom plans or requirements,9.9,"5,262 ms",100%
https://rapidapi.com/kevinagustiansyah298-RSbcaTc-IDi/api/top-instagram-hashtag/,2023-08, MainAPI ,Top Instagram Hashtag,Find the best instagram hashtag,9.7,"3,010 ms",99%
https://rapidapi.com/airaudoeduardo/api/whatsapp-data1/,2023-09, CheckLeakedCC ,Whatsapp Data,Retrieve Whatsapp Public Profile Data Try it: https://whatsapp.checkleaked.cc/,9.7,"1,138 ms",99%
https://rapidapi.com/Bmbus/api/check-username/,2021-11, Jannes ,Check Username,"Generate/Check if a username is available on various platforms like Facebook, instagram, tiktok, snapchat and other social media platforms! You can also check if a domain is registered or not.",9.8,"2,129 ms",99%
https://rapidapi.com/inutil-inutil-default/api/mywhin/,2023-11, inUtil Labs ,mywhin,"Selfhost a whin instance, a Whatsapp API REST client.",9.6,"1,124 ms",95%
https://rapidapi.com/jukie/api/tiktok-video-no-watermark5/,2023-10, Pham Van Dien ,TikTok Video No Watermark,"The API helps you to download and get the video download link without the Tiktok logo quickly, completely and in detail. Contact me: phamvandienofficial@gmail.com if you are interested in the source code *** If you encounter any errors, please contact me so I can fix it quickly. *** Contact me: phamvandienofficial@gmail.com",9.8,"1,922 ms",100%
https://rapidapi.com/eaidoo015-pj8dZiAnLJJ/api/all-media-downloader-v2/,2023-09, Mr. Newton ,All Media Downloader V2,"An API for downloading media from anywhere. YouTube, Pinterest, Facebook, TikTok, and any site you can think of.",9.7,"2,585 ms",100%
https://rapidapi.com/vikas5914/api/fastest-social-video-and-image-downloader/,2023-11, Vikas kapadiya ,Fastest Social Video and Image Downloader,FastestVideo and Image Downloader Instragram and pinterest. Many more coming soon..,9.7,"5,162 ms",100%
https://rapidapi.com/socialminer/api/twitter32/,2023-08, social miner ,Twitter,Please join our telegram channel to get notified about updates. https://t.me/social_miner_news,9.9,"1,048 ms",100%
https://rapidapi.com/Glavier/api/twitter135/,2023-10, Glavier ,Twitter,"X (Twitter) public and private data API for search, Tweets, users, followers, images, media and more.",9.9,"1,371 ms",100%
https://rapidapi.com/logicbuilder/api/social-media-data-tt/,2021-11, Kart Stewart ,Social Media Data TT,Social Media Data API in Real-Time. -Get very useful and unique information. -I'm on Telegram https://t.me/logicBuilder News and announcements Telegram Channel https://t.me/logicApi,9.8,"1,292 ms",100%
https://rapidapi.com/fariswdcash-434L2ELS8qx/api/instagram-profile1/,2022-11, capung GGWP ,Instagram Profile,Get profile information with proxy image will show directly to your frontend,9.9,"6,054 ms",94%
https://rapidapi.com/eaidoo015-pj8dZiAnLJJ/api/any-media-downloader-downloader-anything-from-anywhere/,2023-09, Mr. Newton ,Any Media Downloader - Downloader anything from anywhere,This API is used for downloading media from the internet.,9.8,"5,501 ms",100%
https://rapidapi.com/vikas5914/api/facebook-reel-and-video-downloader/,2023-11, Vikas kapadiya ,Facebook Reel and Video Downloader,"Facebook Reel and Video downloader, Without watermark Not Supported: Private Video, Private Group Video, Stories Update: 29-07-2023 - Added support Group links Update: 27-07-2023 - Fix the issue with not getting the download URL",9.9,"6,462 ms",99%
https://rapidapi.com/ajithjojo1230/api/youtube-tags-generator/,2023-02, Getecz ,Youtube Tags Generator,Youtube Video Tags Generator API,9.5,"8,438 ms",100%
https://rapidapi.com/mukeshsolanki1/api/hashtag5/,2023-10, Mukesh Solanki ,Hashtag,"Generate hashtags based on image, text and get the post count detail of that hashtag",9.8,"1,205 ms",99%
https://rapidapi.com/arraybobo/api/pinterest-scraper/,2022-11, illusion ,Pinterest Scraper,"Stable Pinterest API. I get full information about pins, download links in all qualities. Active work is underway to add new features",9.5,"2,351 ms",100%
https://rapidapi.com/3205/api/tik-tok2/,2023-07, 9527 ,tik-tok,Get video links from TikTok and download it with latency less than 2 sec. Great price per 500k requests! Try out now,9.6,"4,356 ms",95%
https://rapidapi.com/matabt-matabt-default/api/all-in-one-api/,2023-11, MataBT ,All In One Api,"This API is used for scrapping media from the internet. Supports: instagram, youtube, tiktok, twitter, facebook (soon), etc.! This API is used for scraping and downloading media from the internet.",9.5,"1,188 ms",99%
https://rapidapi.com/vikas5914/api/pinterest-video-and-image-downloader/,2023-11, Vikas kapadiya ,Pinterest Video and Image Downloader,Download Video and Image from Pinterest,9.8,"6,089 ms",100%
https://rapidapi.com/matchilling/api/tronald-dump/,2021-11, matchilling ,Tronald Dump,Api & web archive for the dumbest things Donald Trump has ever said.,9.5,152 ms,100%
https://rapidapi.com/matchilling/api/chuck-norris/,2021-11, matchilling ,Chuck Norris,chucknorris.io is a free JSON API for hand curated Chuck Norris facts.,9.9,472 ms,100%
https://rapidapi.com/eskerda/api/citybikes/,2021-11, eskerda ,CityBikes,"Bike Sharing Networks Around the World. This project started in Barcelona, when I was unable to get a decent client for the Android to work with the Bicing system. We figured out the same problem would apply for the rest of the world, thus solving it for us locally could also work globally. Then, we also found out how important was this data for everyone, and that there's no reason for companies to keep it private. Most of these bike sharing systems are built using public money, we believe this data should be available to their own citizens The main reason for this project to be is for people to realize the benefits of providing free data.",9.5,275 ms,100%
https://rapidapi.com/netogami/api/instagram174/,2021-11, netogami ,Instagram,Get information from Instagram reliably,9.7,"4,159 ms",100%
https://rapidapi.com/theleaks/api/twitter-crawler/,2023-10, theleaks ,Twitter Crawler,Twitter Scraper | X Scraper,9.5,809 ms,100%
https://rapidapi.com/namasteventures-namasteventures-default/api/tiktok-device-registeration/,2023-11, NamasteVentures ,Tiktok Device Registeration,Most effecient TIKTOK Device Register in the market that generates devices for all the countries supporting tiktok.,9.8,"73,627 ms",75%
https://rapidapi.com/benbaler/api/initials-avatar/,2021-11, Ben ,Initials Avatar,Generates initials avatar image from given name,9.2,94 ms,100%
https://rapidapi.com/alrashed864/api/tiktok87/,2023-05, ÿØÿ≠ŸÖŸä - D7MY ,TikTok,"TikTok API third party service, Stable and 24/7 maintenance. for any Help or Suggestions Contact me on https://t.me/dhmye",9.4,528 ms,61%
https://rapidapi.com/xudoberdigayratov/api/pinterest-downloader2/,2023-07, Xudoberdi G'ayratov ,Pinterest Downloader,Download Video and Image from Pinterest,8.7,"1,634 ms",100%
https://rapidapi.com/m0s4ik/api/telegram7/,2021-11, Andrea ,Telegram,Real-time Telegram data API. Get messages and information directly from Telegram Channels/Groups.,9.2,"1,404 ms",97%
https://rapidapi.com/jeimes43/api/all-socials-downloader/,2023-10, BOT API's ,All Socials Downloader,"Social Media Downloader - Download All Social Media Videos,Images, Stories, Thumbnail Supports the following social 9GAG, Akƒ±llƒ±, Bandcamp, Bilibili, Bitchute, Blogger, BluTV, Buzzfeed, Dailymotion, Douyin, ESPN, Facebook, Febspot, Flickr, Gaana, Ifunny, IMDB, Imgur, Izlesene, Kwai, Likee, LinkedIn, Mashable, Mixcloud, MxTakatak Ok.r,uvideo, Periscope, Pinterest, PuhuTV, Reddit, Rumble Shar,eChat, Snapchat, Soundcloud, Streamable, TED, Telegram, Tiktok, Tumblr, Twitch, Twitter, Vimeo, VK,...",9.1,753 ms,98%
https://rapidapi.com/cavsn/api/twitter-auth-api-all-functions-available/,2023-10, cavsn ,Twitter Auth API | All Functions Available.,"Twitter API with auth. You can use all user functions. Tweet, Fav, DM, RT, Bookmark etc. Contact me if you have a problem.",8.9,"2,770 ms",100%
https://rapidapi.com/Flatroy/api/jobs-from-remoteok/,2023-06, George Daneke ,Jobs from remoteok,list of all remote jobs from remoteok.com web-site - not official!,8.9,"1,226 ms",100%
https://rapidapi.com/evaldemar2/api/instagram74/,2021-11, Netu Imeni ,instagram,Instagram Easy Api with intelligent proxy balancing. Uses residential and mobile proxies under the hood. Can be used as a thin proxy to Instagram.,8.7,470 ms,100%
https://rapidapi.com/officialofun-C-wpfpix418/api/youtube-video-and-shorts-downloader/,2023-09, Farhan Ali ,YouTube Video and Shorts Downloader,Simple and Powerful Api to Download YouTube Video and shorts.,9.4,"3,876 ms",99%
https://rapidapi.com/AdKT36/api/video-nwm/,2023-01, VƒÉn Anh ,VIDEO NWM,TIKTOK VIDEO NO WATERMARK,9.4,"3,599 ms",100%
https://rapidapi.com/xtech9-xtech9-default/api/instasaver-pro-instagram-story-and-highlight-downloader/,2023-09, Xtech9 ,InstaSaver Pro : Instagram Story and Highlight Downloader,Download all Story and Highlight using single url | Only Working Serices with fast Speed.,9.3,540 ms,100%
https://rapidapi.com/dockerizator/api/ai-downloader/,2023-10, Dockerizator ,AI Downloader,OpenAI integrated to download video/audio from any source.,9.1,"39,118 ms",72%
https://rapidapi.com/bravedownz/api/tiktok-downloader-without-watermark-api-download-tiktok-videos/,2023-10, bravedownz ,TikTok Downloader Without Watermark - API Download TikTok Videos,This API allows you to download videos from TikTok and popular sources. You will get good support and regularly updated software also.,9.4,"3,996 ms",100%
https://rapidapi.com/spekulatius/api/seo-opengraph/,2023-05, Peter Thaleikis ,SEO OpenGraph,Extract all OpenGraph (OG) elements from any URL,8.6,"1,782 ms",90%
https://rapidapi.com/officialofun-C-wpfpix418/api/twitter-video-downloader2/,2023-08, Farhan Ali ,Twitter Video Downloader,Simple cheap Api to Download Twitter Videos easily.,9.0,621 ms,100%
https://rapidapi.com/ashutosh05/api/tiktok-api-without-watermark/,2023-08, CodeWithAshu ,Tiktok API without Watermark,Download Tiktok videos without Watermark,9.0,"2,551 ms",94%
https://rapidapi.com/thekirtan/api/instagram-pro/,2023-08, Social Api ,Instagram Pro,Insatgram API Pro Version,9.3,"3,155 ms",100%
https://rapidapi.com/markovic-m/api/pick-me-up/,2021-11, markovic-m ,Pick Me Up,An API generating random pickup lines,9.2,"4,284 ms",100%
https://rapidapi.com/movincxor-Fc_7BJDZhed/api/tiktok-full-video-info/,2021-11, ma7fe ,TikTok Full Video Info,A fast and stable API that uses a request directly to the TikTok server.,8.5,246 ms,100%
https://rapidapi.com/onepost/api/onepost1/,2021-11, Adam Darrah ,OnePost,"OnePost is social media management infrastructure for the internet. Companies use our API to create, post, and manage their social presence via programmatic communication. You can think of it like a headless Hootsuite built for developers.",9.3,948 ms,100%
https://rapidapi.com/starsky/api/increase-telegram-post-views/,2023-01, starsky ,Increase Telegram Post Views,Increase Telegram Post Views. Really working in 2023.,8.5,"1,142 ms",100%
https://rapidapi.com/Amal97/api/photo-caption-generator/,2023-09, Amal97 ,Photo Caption Generator,"This API is the ultimate tool for creating eye-catching and engaging Image captions. With its advanced machine learning algorithms, This API is able to analyze the content of a photo and generate a list of caption suggestions that are relevant and attention-grabbing. Whether you're looking for a funny, heartfelt, or thought-provoking caption, It has you covered.",9.0,"3,468 ms",100%
https://rapidapi.com/yardilloapi/api/gigopost/,2023-10, Yardillo LLC ,Gigopost,The simplest way to involve your teams to share company brand content,9.1,513 ms,100%
https://rapidapi.com/nsanden/api/pinterest-pin-search/,2021-11, Nate ,Pinterest Pin Search,Search Pinterest Pins,8.8,"13,312 ms",100%
https://rapidapi.com/ImpossibleMenu/api/random-username-generator/,2023-08, ImpossibleMenu ,Random Username Generator,"It's simple, call the endpoint, GET a randomly generated username!",8.5,"1,317 ms",100%
https://rapidapi.com/abdirhmn/api/youtube-videos-downloader/,2023-06, abdirhmn ,Youtube Videos Downloader,This API is a YouTube video downloader that allows users to download both short and long videos from YouTube.,9.3,"24,888 ms",99%
https://rapidapi.com/arraybobo/api/facegen/,2022-11, illusion ,FaceGen,"Generation of faces by AI. (Occasionally, a neural network makes mistakes, which is why artifacts appear: an incorrectly bent pattern, a strange hair color, and so on.)",9.2,"1,727 ms",100%
https://rapidapi.com/officialofun-C-wpfpix418/api/facebook-video-and-reel-downloader/,2023-10, Farhan Ali ,Facebook Video and Reel Downloader,Simple and light weight api to extract download links of Facebook video or reel.,9.4,"1,305 ms",92%
https://rapidapi.com/JustMobi/api/tiktok-video-no-watermark6/,2023-09, JustMobi ,Tiktok video no watermark,"Fast ‚Ä¶ Stable ‚Ä¶ Without Watermark APi gives you full info about tiktok posts and videos without watermark Fastest Tiktok API with response video without watermark, music, cover, and more! ready to handle huge amount of requests with error rates below 1% powered by strong servers All kinds of TikTok links are supported (: The API does not depend on any external services and it is entirely private",9.1,"3,232 ms",100%
https://rapidapi.com/rapidapi-cs123-rapidapi-cs-default/api/greet-generator/,2021-11, RapidAPI CS ,Greet Generator,Greet Generator,9.2,403 ms,100%
https://rapidapi.com/argusapi-argusapi/api/twitter-feed-timeline-api/,2023-02, ArgusAPI ,Twitter Feed/Timeline API,Advanced & Unlimited data API for feed/timelines of twitter users,8.9,682 ms,100%
https://rapidapi.com/fatehbrar92/api/instagram-profile-picture-viewer/,2023-05, TheSerpent ,Instagram Profile Picture Viewer,Fetch Full HD Profile Picture and Some Basic Details of anyone on Instagram. Tags: Instagram Insta Profile Info DP Details Insta DP Insta Profile Photo,9.2,"3,315 ms",30%
https://rapidapi.com/arraybobo/api/threads-scraper-2023/,2023-07, illusion ,Threads Scraper 2023,**API Threads.** Get a lot of information from Instagram consistently and quickly! `Uptime: 99.95%` Support: [@api_profi](https://t.me/api_profi) Channel: [@ig_api](https://t.me/ig_api),9.3,"2,387 ms",91%
https://rapidapi.com/portakalsinan/api/simpliers/,2022-11, simple Scraper ,simpliers,"Scrape any data from Instagram, Twitter, TikTok or Youtube quickly without blocked.",8.9,"2,039 ms",100%
https://rapidapi.com/Glavier/api/twitter-premium/,2023-06, Glavier ,Twitter Premium,"Twitter user and client API for post Tweet, like, follow, retweet and more actions.",9.3,"2,465 ms",100%
https://rapidapi.com/omarcosramiro/api/instagram-scrapper-bulk/,2023-08, Marcos ,Instagram Scrapper Bulk,"Instagram API. Highly maintained and stable. Contact me for custom plans or requirements Have a high demand? we cover any price, to scrape any site, contact us! Need some quick help? https://t.me/omarcosr",9.4,"4,594 ms",99%
https://rapidapi.com/xtraszone-api-xtraszone-api-default/api/real-love-calculator/,2023-03, Xtraszone API ,Real Love Calculator,Real Love Calculator is a love calculator which uses male and female names and their date of birth to determine the love compatibility. It is completely based on astrological calculations and thus gives real prediction compatibility score.,9.2,"1,000 ms",100%
https://rapidapi.com/officialofun-C-wpfpix418/api/tiktok-scraper9/,2023-09, Farhan Ali ,TikTok Scraper,"The ""TikTok Scraper"" API is a powerful tool that allows developers to extract valuable data and insights from the TikTok social media platform",8.7,"1,967 ms",100%
https://rapidapi.com/Bmbus/api/conversation-starters-api/,2023-05, Jannes ,Conversation Starters API,Get a random conversation starter,8.8,"1,473 ms",100%
https://rapidapi.com/UnlimitedAPI/api/youtube-video-details/,2022-11, UnlimitedAPI ,YouTube Video Details,YouTube Video Details API,9.2,"1,336 ms",100%
https://rapidapi.com/selcukguler0/api/memes9/,2022-11, selcukguler0 ,Memes,Memes api with several genre,9.2,705 ms,98%
https://rapidapi.com/FastTwitterAPI/api/twitter-api50/,2023-09, FastTwitterAPI ,Twitter API,"Fastest & Releible Twitter API. Video Downloader, Tweet downloader, Twitter Downloader",9.2,710 ms,85%
https://rapidapi.com/serhaterfidan/api/youtube-mp3-downloader4/,2023-11, Serhat E ,Youtube MP3 Downloader,Explore the Best YouTube MP3 Downloader,8.8,633 ms,100%
https://rapidapi.com/ugoBoy/api/youtube-video-and-shorts-downloader1/,2023-11, ugoBoy ,YouTube video and shorts downloader,Download YouTube videos and shorts in high and low quality without watermark,9.1,"3,796 ms",98%
https://rapidapi.com/socialwebapi-SiwxQjksv/api/instagram-api20/,2022-11, social webapi ,Instagram API,"instagram scraping, all endpoints",9.2,"1,073 ms",100%
https://rapidapi.com/DaddyApi/api/reddit-username-availability-daddy/,2023-08, DaddyApi ,üî¥ REDDIT USERNAME AVAILABILITY üî¥ Daddy,Check the availability of Reddit usernames quickly and accurately.,8.9,"3,693 ms",100%
https://rapidapi.com/vqhdev/api/tiktok-api17/,2023-11, vqhdev ,TikTok API,"TikTok Api is the #1 TikTok scraping API solution and allows you to unlock TikTok data effortlessly. As the most stable and always-maintained option available, TikTok API empowers you to seamlessly access data from the TikTok mobile app, including user, post, search",8.8,942 ms,100%
https://rapidapi.com/thekirtan/api/linkedin9/,2021-11, Social Api ,LinkedIn,Highly maintained and Stable LinkedIn API,8.5,865 ms,100%
https://rapidapi.com/AstroMatcherAPI/api/astro-matcher-api/,2023-07, Astro Matcher API ,Astro Matcher API,"An API for calculating the compatibility of two people for a love relationship using astrology, horoscopes and synastry.",9.0,971 ms,100%
https://rapidapi.com/cafi77/api/user-generator-and-random-profiles/,2022-11, Carlos Gabado ,User Generator and Random Profiles,"This API will provide a very complete random fake user data. Generate names, addresses, social security numbers, credit card numbers, occupations, avatar, vehicles, products, colors, jobs and much more",9.0,199 ms,100%
https://rapidapi.com/JustMobi/api/kwai-downloader1/,2023-09, JustMobi ,Kwai Downloader,"This API allows you to retrieve information about a specific video on Kwai. You can use it to retrieve details such as the video title, description, image, video. With the Kwai Downloader API, you can easily access and leverage the wealth of information available on Kwai. telegram DM: https://t.me/justmobicode",8.9,"2,803 ms",100%
https://rapidapi.com/asad1664695/api/facebook-video-downloader7/,2023-07, Ch Asad ,Facebook Video Downloader,Api for Downloading Facebook Videos and Reels.,9.3,"2,106 ms",100%
https://rapidapi.com/Aktechy/api/threads-downloader-scraper-api/,2023-10, Aktechy ,Threads Downloader(Scraper) - API,"Meta Threads Post Downloader with Caption. Effortlessly save videos, images, GIFs, and more along with their original captions using just the post URL. Elevate your content experience and explore the threads of creativity like never before.",9.4,"1,008 ms",94%
https://rapidapi.com/rocketapi/api/rocketapi-for-threads/,2023-07, RocketAPI ,RocketAPI for Threads,"üßµ Fast and stable Threads API. Scrape any information from Threads: user info, feed, replies and more. Don't miss! Custom plans and crypto payments are available on request ‚Äì feel free to contact us https://t.me/rocketapi or contact@rocketapi.io. We will be happy to help you integrate the API into your system.",9.4,"2,024 ms",100%
https://rapidapi.com/vanya2143/api/fortune-cookie2/,2023-06, CouchAPIs ,Fortune Cookie,"The Fortune Cookie, a piece of advice, a future prediction, an inspiration... Open the fortune cookie and you will discover the message it holds for you.",9.4,309 ms,100%
https://rapidapi.com/dodocr7/api/facebook-profile-picture-viewer/,2023-08, dodocr7 ,Facebook Profile Picture Viewer,api that unlock facebook picture,9.1,"1,479 ms",100%
https://rapidapi.com/usmr1509/api/terabox-downloader/,2023-06, thereal ,Terabox Downloader,Terabox Downloader,9.4,"2,325 ms",98%
https://rapidapi.com/JustMobi/api/download-snapchat-video-spotlight-online/,2023-09, JustMobi ,Download Snapchat Video & Spotlight Online,"This API allows you to retrieve information about a specific video on Snapchat & Spotlight Online. You can use it to retrieve details such as the video title, description, thumbnail, video, gif. With the Snapchat Downloader API, you can easily access and leverage the wealth of information available on Snapchat. telegram DM: https://t.me/justmobicode",9.4,"1,949 ms",100%
https://rapidapi.com/kubendeveloper/api/tiktok-influencer-database/,2023-09, Kuben ,TikTok Influencer Database,https://app.seeksocial.io was build using this API,9.2,329 ms,76%
https://rapidapi.com/emadtoranji6/api/instagram-downloader2/,2022-11, Emad Toranji ,Instagram Downloader,"Download everything from Instagram such as Posts, IGTVs, Reels, Profile Photos, Stories, Highlight And Comment List",9.2,237 ms,100%
https://rapidapi.com/amoghballolli/api/flirty-words/,2023-06, amogh ballolli ,Flirty words,Get flirty word to attract others,8.6,992 ms,100%
https://rapidapi.com/matsm123/api/tiktok-videos-without-watermark/,2022-11, Motasem Jouda ,TikTok Videos Without Watermark,Download tiktok videos without a watermark,9.3,"2,702 ms",82%
https://rapidapi.com/officialofun-C-wpfpix418/api/instagram-media-downloader-latest-instagram-downloader/,2023-09, Farhan Ali ,Instagram Media Downloader - Latest Instagram Downloader,"Download Reels, Videos, Pictures, Igtv, Stories.",9.3,"2,225 ms",99%
https://rapidapi.com/speedblue/api/hn-search/,2021-11, speedblue ,HN Search,This API is built on top of Algolia Search's API. It enables developers to access HN (Hacker News) data programmatically using a REST API. This documentation describes how to request data from the API and how to interpret the response.,9.4,814 ms,100%
https://rapidapi.com/samestrin/api/geeklist/,2021-11, samestrin ,Geeklist,The first social network for developers and the tech community.,9.1,241 ms,100%
https://rapidapi.com/peerreach/api/peerreach-1/,2021-11, peerreach ,PeerReach,"The PeerReach API allows you to give context to the content produced by any Twitter profile. PeerReach has analysed over a 100 million accounts and can return information like, expertise area's. interests, gender, age and location. This free version of our API allows you to make 2400 daily calls.",9.2,757 ms,100%
https://rapidapi.com/ismaelc/api/pinterest-1/,2021-11, ismael ,Pinterest,"This is an unofficial Pinterest API. Pinterest is a pinboard-style photo sharing website that allows users to create and manage theme-based image collections such as events, interests, hobbies, and more. Users can browse other pinboards for inspiration, 're-pin' images to their own pinboards, or 'like' photos. (Credits to http://pinterestapi.co,uk for the user-specific Pinterest APIs).",9.0,519 ms,100%
https://rapidapi.com/xudoberdigayratov/api/threads-meta-2023/,2023-07, Xudoberdi G'ayratov ,Threads Meta 2023,Threads Downloader,9.3,"1,021 ms",46%
https://rapidapi.com/nurmukhammaddev/api/wildberries-scrapper1/,2023-10, Nurmuhammad Mashrapov ,Wildberries Scrapper,All data Wildberries ....,8.7,"1,234 ms",100%
https://rapidapi.com/vikas5914/api/threads-video-and-image-downloader-experimental1/,2023-11, Vikas kapadiya ,Threads Video and Image Downloader (Experimental),Download Videos and Images from Threads.net. Current in the Experimental stage. Please get in touch with me for full access.,9.2,"3,276 ms",100%
https://rapidapi.com/socie-socie-default/api/socie/,2023-01, Socie ,Socie,"This REST API can be used to create, read, update or delete data from the Socie platform.",8.7,67 ms,77%
https://rapidapi.com/nettorgtwin-ke6Oeq_XCx9/api/instagram-hidden-emails-finder-api/,2023-01, Alex ,Instagram hidden emails finder API,"Finds 5X more emails than just typical parser. API service for ML searching hidden user mails in the Instagram service. Accepts a list of 100 to 5000 users. The request takes up to 5 minutes. Finds 15-30% of all possible mail. That is, if there are 1000 logins in the request, from 150 to 300 mails will be found. All the data that I use is from public sources and due to minimum request restrictions it is impossible to accurately determine the ownership of the mail, so there are no conflicts wi...",9.3,"1,460 ms",100%
https://rapidapi.com/awosolat/api/olato-quotes/,2023-03, Tobi Awosola ,Olato Quotes,"Olato Quote APIs gives you random quotes about motivation, sucess and love quotes.",9.0,766 ms,100%
https://rapidapi.com/ocoya/api/ocoya/,2023-04, ocoya ,Ocoya,End-to-end social media marketing.,8.9,72 ms,100%
https://rapidapi.com/mythu.s2000/api/sendapic-api/,2022-11, Mythu ,SendAPic API,"https://sendapic.xyz/ üîê Send confidential images securely and safely with an expiring link. üí£ Choose the duration of the expiry, and feel safe knowing it will be deleted after expiry.",8.7,702 ms,100%
https://rapidapi.com/imhardikdesai/api/profilehub-api/,2023-03, imhardikdesai ,ProfileHub API,"The Profile Hub API is a RESTful API that provides access to user data on a social media platform. With the Profile Hub API, developers can retrieve information such as first name, last name, username, email, post, image, avatar, comment, and like data for a given number of users. This API is perfect for developers looking to build applications that require social media integration or user data. The Profile Hub API is easy to use and can be integrated into any application or website with ease.",9.0,"2,714 ms",91%
https://rapidapi.com/ijpacg/api/bytedance24/,2023-11, ijpacg ,ByteDance,ByteDance Algorithm,9.2,"2,377 ms",98%
https://rapidapi.com/nsnaveenhot-vJCVQUKUHO/api/random-quotes9/,2021-11, Naveen Sharma ,Random Quotes,Presenting Random Quotes each time,8.8,374 ms,100%
https://rapidapi.com/vanya2143/api/zodiacapi1/,2023-06, CouchAPIs ,ZodiacAPI,Simple ZodiacAPI BETA,9.1,476 ms,100%
https://rapidapi.com/salmanakbar264/api/yt-downloader-api/,2023-08, Suleman Akbar ,YT Downloader Api,"The YouTube Video Download API allows you to generate download links for YouTube videos. By providing a video URL, the API retrieves the highest quality video stream available for download. The generated link can then be used to initiate the video download.",9.4,"3,361 ms",83%
https://rapidapi.com/musaefe615/api/demo-project14567/,2023-03, Musa Efe ,üëã Demo Project,This Project is created by the onboarding process,8.7,503 ms,49%
https://rapidapi.com/mescalcapi-mescalcapi-default/api/mescalc/,2022-11, MESCALCapi ,MESCALC,Calculates Misinformation Exposure Score for Twitter accounts,9.4,299 ms,100%
https://rapidapi.com/braskam-technology-braskam-technology-default/api/shields/,2023-03, Braskam Technology ,Shields,A simple and free way to generate shields.,8.7,726 ms,100%
https://rapidapi.com/MeaningCloud/api/text-classification/,2021-11, MeaningCloud ,Text Classification,"Automatic multilingual text classification according to pre-established categories defined in a model. The algorithm used combines statistic classification with rule-based filtering, which allows to obtain a high degree of precision for very different environments. Three models available: IPTC (International Press Telecommunications Council standard), EuroVocs and Corporate Reputation model. Languages covered are Spanish, English, French, Italian, Portuguese and Catalan.",8.4,142 ms,100%
https://rapidapi.com/MeaningCloud/api/topics-extraction/,2021-11, MeaningCloud ,Topics Extraction,"Topics Extraction tags locations, people, companies, dates and many other elements appearing in a text written in Spanish, English, French, Italian, Portuguese or Catalan. This detection process is carried out by combining a number of complex natural language processing techniques that allow to obtain morphological, syntactic and semantic analyses of a text and use them to identify different types of significant elements.",8.3,154 ms,100%
https://rapidapi.com/asnewman/api/backtick-api/,2023-08, asnewman ,Backtick API,An unofficial https://tildes.net API.,,,
https://rapidapi.com/ptwebsolution/api/youtube-private/,2023-08, VidLab ,YouTube Private,"Unlock the Power of YouTube with the Private API! Gain exclusive access to YouTube's advanced features and data, enabling seamless integration into your applications. Customize interactions, retrieve in-depth analytics, and create personalized experiences to elevate your content strategy. The Private API offers unparalleled control and insights for developers looking to enhance their YouTube-related projects.",8.3,"4,924 ms",100%
https://rapidapi.com/huuhuybn/api/pinterest-video-image-gif-downloader/,2023-08, Mr. Creative ,Pinterest Video/Image/Gif Downloader,"Download Video, Image or Gif from Pinterest",8.2,"1,721 ms",100%
https://rapidapi.com/dexter123/api/username-available/,2023-05, dexter ,Username available?,"Check if your username idea is available across famous social media platforms like Youtube, Twitter, Instagram, Twitch , Tiktok e Facebook Verifique se o nome de usu√°rio est√° dispon√≠vel nas maiores redes sociais como Youtube, Twitter, Instagram, Twitch, Tiktok e Facebook",8.2,"34,127 ms",100%
https://rapidapi.com/cogniai-cogniai-default/api/instagenie-post-generator/,2023-06, CogniAI ,InstaGenie - Post Generator,"ChatGPT-powered Instagram Post Generator API: AI-driven tool for creating engaging, unique, and impactful Instagram content.",,,
https://rapidapi.com/junioroangel/api/tiktok-scraper1/,2021-11, Angel Junior ,TikTok Scraper,The Best way to capture user data and their publications using 4G/5G proxy technology and Residential.,8.4,"2,765 ms",100%
https://rapidapi.com/spekulatius/api/seo-twittercard/,2022-11, Peter Thaleikis ,SEO TwitterCard,Twitter Card endpoint.,,,
https://rapidapi.com/officialofun-C-wpfpix418/api/youtube-mp3-downloader3/,2023-08, Farhan Ali ,YouTube Mp3 Downloader,Simple and Light weight Api to Download YouTube mp3.,,,
https://rapidapi.com/rahilkhan224/api/instagram-dp-download1/,2023-07, AK IT services ,Instagram DP Download,Download Instagram profile dp and basic details,8.4,864 ms,100%
https://rapidapi.com/mkunal1999/api/emoji3/,2023-03, kunal markad ,Emoji,Get all emojis at one place. Single API to get any emoji.,8.2,"1,297 ms",100%
https://rapidapi.com/structureac-structureac-default/api/structure/,2023-05, StructureAC ,Structure,"Structure offers comprehensive data on more than 700 million individuals worldwide by connecting B2B data, like work history and education, to company data. We offer data on over 24 million company profiles. Our data is optimized for hundreds of applications, ranging from recruiting platforms and fraud detection tools to workforce planning applications and marketing tools. Our person database is fueled by dozens of public contributing data sources including LinkedIn, Google, Twitter, Github, ...",,,
https://rapidapi.com/azbare/api/cheapest-instagram-api/,2023-05, azbri ,cheapest instagram api,"Best and cheapest Instagram api , to get data from instagram real time , you can get all of this ( user information include users +18 + stories + hidden tags in stories + posts(pictures and videos and reels ) + highlights and more ).",,,
https://rapidapi.com/canyildirim/api/meta-threads-2023/,2023-07, canyildirim ,Meta Threads 2023,"Quick and Easy API for Threads, a Twitter-like app developed by Meta.",8.4,"2,976 ms",100%
https://rapidapi.com/danikvod/api/popular-languages/,2023-01, Daniil Vodenejev ,Popular languages,Most popular languages in the world,,,
https://rapidapi.com/JustMobi/api/youtube-media-downloader2/,2023-09, JustMobi ,YouTube Media Downloader,"This API allows you to retrieve information about a specific video on Youtube. You can use it to retrieve details such as the video title, description, thumbnail, video, gif. With the Youtube Downloader API, you can easily access and leverage the wealth of information available on Youtube. telegram DM: https://t.me/justmobicode",8.3,"5,944 ms",100%
https://rapidapi.com/vanya2143/api/magic-8-ball1/,2023-06, CouchAPIs ,Magic 8 Ball,"Find the answers to your questions. It knows what will be, and is willing to share this with you. Just think of a question that can be answered ""Yes"" or ""No"", concentrate very, very hard, and click on the ""Ask"" button. Then let Spike's 8-Ball show you the way!",,,
https://rapidapi.com/apigeek/api/socily/,2023-07, apigeek ,Socily,API service for social medias,,,
https://rapidapi.com/thekirtan/api/t-tok-bulk-profile-scrapper/,2021-11, Social Api ,T-tok Bulk Profile Scrapper,Highly maintain and accurate TikTok API to fetch profiles or feeds in bulk.,8.4,"33,936 ms",50%
https://rapidapi.com/thekirtan/api/youtube-all-in-one/,2021-11, Social Api ,Youtube - ALL IN ONE,Youtube production ready highly maintained and stabled api,8.2,"2,061 ms",100%
https://rapidapi.com/ilannewyork/api/producteev/,2021-11, ilannewyork ,Producteev,"Producteev is the leading social task management solution for teams. It‚Äôs helped thousands of teams get work done faster and more effectively. It's brought to you by Jive, the world's # 1 social business provider.",,,
https://rapidapi.com/wiman/api/wiman-the-social-wi-fi-network/,2021-11, wiman ,wiMAN - The Social Wi-Fi Network,"Get informations about wiman hotspots like name, city, coordinates etc .",8.4,698 ms,100%
https://rapidapi.com/poaro60/api/text_generator/,2021-11, poaro60 ,text_generator,text_generator for app,,,
https://rapidapi.com/dizaraj/api/robberydata/,2022-11, Dizaraj Dey ,RobberyData,Get Robbery Sample Data and Use the format in your project,8.1,776 ms,100%
https://rapidapi.com/soloit/api/youtoosound/,2021-11, soloit ,YouTooSound,YouTooSound,,,
https://rapidapi.com/ngtrgiabao251002/api/yanji-social/,2023-08, Gia B·∫£o Nguy·ªÖn Tr·∫ßn ,Yanji Social,Great Simple Social Media Platform,,,
https://rapidapi.com/peter279k/api/instagramimage/,2021-11, peter279k ,InstagramImage,Fetching Instagram image with Instagram post URL,8.3,"1,364 ms",100%
https://rapidapi.com/dumkaaa72/api/instagram-proxy/,2021-11, Dmitriy ,Instagram Proxy,Instagram Proxy,,,
https://rapidapi.com/peerreach/api/peerreach-subscription/,2021-11, peerreach ,PeerReach Subscription,"The PeerReach API allows you to give context to the content produced by any Twitter profile. PeerReach has analysed over a 100 million accounts and can return information like, expertise area's. interests, gender, age and location.",,,
https://rapidapi.com/Ahmeds360/api/rockstars-social-club-api/,2023-06, Ahmeds360 ,Rockstar's Social Club API,,,,
https://rapidapi.com/lukasccbb/api/telegram-send-message/,2023-04, reBing ,Telegram Send Message,Send message to channel from Telegram BOT.,,,
https://rapidapi.com/ExoWatts/api/nationality-prediction/,2022-11, ExoWatts ,Nationality Prediction,Predict the nationality of a person from their first name.,,,
https://rapidapi.com/ThibautRuyGit/api/emojiflags/,2022-11, Thibaut RUY ,emojiflags,"Provides emoji by country code or name, and more",,,
https://rapidapi.com/tim-2kaaJrLmH/api/wordpress-rss-feed/,2023-03, Tim Volner ,Wordpress RSS-Feed,Get RSS feed data in XML or JSON from any wordpress blog website!,,,
https://rapidapi.com/saasscaleup/api/instagram-hashtags-generator/,2022-11, ScaleUp SaaS ,Instagram Hashtags Generator,"Easy & Fast way of generating hashtags for any image given for any social media posts(Instagram, Twitter, Facebook, Pinterest, etc...)",,,
https://rapidapi.com/ExoWatts/api/gender-prediction2/,2022-11, ExoWatts ,Gender Prediction,Predict the gender of a person from their first name.,,,
https://rapidapi.com/deepakrt123/api/yiftee-sandbox-mentiontribe/,2021-11, deepakrt123 ,Yiftee-sandbox-mentiontribe,"Send gift cards through a single, simple REST API. Access thousands of local and national merchants (USA) through our Gifting Platform. From customer love to internal employee rewards, developers are using the API to create solutions that could only be accomplished before by physically buying and shipping plastic gift cards. Gifts can be tied to a specific location, perfect for converting online engagement to in-store traffic via measurable marketing campaigns. We are always looking for new use cases and case studies to feature so if you have any questions, comments, or general feedback drop us a line at developers@yiftee.com! *This API points to our sandbox server and no real gifts will be issues*",,,
https://rapidapi.com/hatebase/api/hatebase/,2021-11, hatebase ,Hatebase,"Hatebase is the world's largest online repository of structured, multilingual, usage-based hate speech. Hatebase was built to assist government agencies, NGOs, research organizations and other philanthropic individuals and groups use hate speech as a predictor for regional violence. Language-based classification, or symbolization, is one of a handful of quantifiable steps toward genocide.",,,
https://rapidapi.com/harryanderson35/api/odesktemp/,2021-11, harryanderson35 ,oDeskTemp,Refactoring oDesk APIs,,,
https://rapidapi.com/summit4you/api/family/,2021-11, summit4you ,family,family social client restful,,,
https://rapidapi.com/filiphoustan77/api/good-and-bad-people/,2023-04, Filip Houston ,Good and Bad People,"Connect with friends, family, and other good and bad people you know. Go live or share photos and videos, call or send messages, and get updates!",,,
https://rapidapi.com/silizias91/api/emlalock/,2021-11, Silizias Silizias ,Emlalock,emlalock API,,,
https://rapidapi.com/nvdthanh9999/api/onboarding-project2053/,2022-11, Ng√¥ VƒÉn ƒê·ª©c Th√†nh ,üëã Onboarding Project,This Project is created by the onboarding process,,,
https://rapidapi.com/fehero945/api/search_mitbbs/,2021-11, grand leaf ,search_mitbbs,Full website mitbbs search.,,,
https://rapidapi.com/mccurdy/api/cotufabook/,2021-11, mccurdy ,cotufabook,API de cotufabook,,,
https://rapidapi.com/kred/api/kredapi/,2021-11, kred ,KredAPI,"Kred, created by PeopleBrowsr, measures influence in online communities connected by interest. Kred values audience quality and engagement over audience size. It assesses the ability to inspire action (Influence) and propensity to engage with others (Outreach)",,,
https://rapidapi.com/Humblehound/api/deadsimplegramapi/,2021-11, humblehound ,DeadSimpleGramApi,"The #1 Instagram API for accessing and analyzing public data. Solid OpenAPI spec, Machine Learning under the hood and a simple pricing structure",,,
https://rapidapi.com/a6-cloud-a6-cloud-default/api/tiktok-rocket1/,2021-11, A6 Cloud ,TikTok Rocket,Download TikTok video Without watermark,,,
https://rapidapi.com/ExoWatts/api/age-prediction/,2022-11, ExoWatts ,Age Prediction,Predict the age of a person from their first name.,,,
https://rapidapi.com/vanya2143/api/yes-no-maybe/,2023-06, CouchAPIs ,Yes No Maybe,"Need to decide something ? Have questions ? Using application from end to your problems and know what to do immediately . With Random answers "" Yes, No and Maybe "" has the best option for your question. Play with your friends, or Ask a Question mentally important and have fun",,,
https://rapidapi.com/ej84/api/qr-code-generating-api-to-download/,2023-06, Richard Jeong ,QR Code Generating API to Download,This simple but fast and very useful API takes url link you input and generates QR image code automatically. You can input any url link to generate a QR code to use freely.,,,
https://rapidapi.com/6ixhouse-6ixhouse-default/api/like-functionality/,2021-11, 6ixhouse ,Like Functionality,"Allow your users to ""Like""/""Dislike"" a subject/event/topic/post/etc.",,,
https://rapidapi.com/e1yr/api/twitter-rss/,2021-11, e1yr ,Twitter RSS,RSS Generator for Twitter,,,
https://rapidapi.com/mohitsaini2882/api/idd/,2021-11, Mohit Saini ,IDD,this is instagram user api to get json data about user by username,,,
https://rapidapi.com/fhghdh-p-zh_2Tab1f/api/test6258/,2021-11, d f ,test,test project,,,
https://rapidapi.com/crispcake/api/prompties_ai/,2023-06, Frank Tao ,prompties_ai,prompties_ai,,,
https://rapidapi.com/SemaMediaData/api/facebook-image-text-ratio-checker/,2021-11, SemaMediaData ,Facebook Image Text Ratio Checker,Do you want to check whether Facebook will approve your image as part of an advert? Choose an image from your PC and let us detect how much text that image contains. We will then tell you whether your image will pass Facebook's text to image ratio requirement (20% or less text). This text ratio detection algorithm can also be accessed by using SemaMediaData's Image-Text grid tool:,,,
https://rapidapi.com/navii/api/email-validator/,2021-11, ,EMAIL Validator,"Pass an email string to our API and we would let you if it's a valid email address , disposable/temporary email or from a free email provider.",,,
https://rapidapi.com/ExoWatts/api/fake-photo-generator/,2022-11, ExoWatts ,Fake Photo Generator,Uses AI to generate a photo of a fake person.,,,
https://rapidapi.com/mohmed2011515616/api/developers-articles/,2021-11, Mohamed Ahmed A. Elazeem ,Developers Articles,api that makes developer add blog posts to be seen by other developers and interact with it by like/dislike and comment/reply,,,
https://rapidapi.com/rsmt-rsmt-default/api/instagram-feed2/,2021-11, RSMT ,Instagram Feed,Get your Instagram feed by user or hash tag.,,,
https://rapidapi.com/StableAPI/api/agify-io/,2021-11, StableAPI ,Agify.io,"Agify.io predicts the age of a person given their name. Use the API for analytics, ad segmenting, demographic statistics, etc.",,,
https://rapidapi.com/johanesmanik05-gK7JUUydjGC/api/instagram-media/,2021-11, Jooo ,Instagram Media,fetch metadata from instagram by url & username!,,,
https://rapidapi.com/serg.osipchuk/api/Foursquare/,2021-11, Serg Osipchuk ,Foursquare,Get Foursquare data and enable user/merchant interactions.,4.8,"127,293 ms",0%
https://rapidapi.com/raygorodskij/api/Goodreads/,2021-11, Denis Raygorodskij ,Goodreads,Read thousands of book reviews by your friends and other Goodreads members.,5.0,"127,269 ms",0%
