API链接,Update_Time,Author,API名称,API描述,API Popularity,API Latency,API Service Level
https://rapidapi.com/restb/api/restb-ai-watermark-detection/,2021-11, Restb.ai ,Restb.ai Watermark Detection,"Detect artificially added watermarks, texts and logos in images with an A.I. powered computer vision solution",9.6,934 ms,100%
https://rapidapi.com/inferdo/api/face-detection6/,2021-11, inferdo ,Face Detection,Use our Face Detection API to detect the location of human faces in your images with optional extra features like Age and Gender.,9.9,"2,849 ms",96%
https://rapidapi.com/matthill5/api/openalpr/,2021-11, Matthew Hill ,OpenALPR,"The OpenALPR Cloud API is a web-based service that analyzes images for license plates as well as vehicle information such as make, model, and color. The Cloud API service is easy to integrate into your application via a web-based REST service. When you send image data to the OpenALPR API, we process that data and return JSON data describing the license plate and vehicle.",9.8,982 ms,100%
https://rapidapi.com/inferdo/api/image-labeling1/,2021-11, inferdo ,Image Labeling,Use our Image Labeling API to add semantic labels to your images.,9.5,"1,366 ms",100%
https://rapidapi.com/inferdo/api/nsfw-image-classification1/,2021-11, inferdo ,NSFW Image Classification,Use our Content Moderation API to flag possible inappropriate/ nude / adult content in your images.,9.8,"1,026 ms",100%
https://rapidapi.com/serendi/api/pen-to-print-handwriting-ocr/,2021-11, Pen-To-Print ,Pen to Print - Handwriting OCR,Handwriting Recognition OCR - Convert scanned handwritten notes into editable text.,9.8,"3,607 ms",96%
https://rapidapi.com/nanonetsocr-nanonetsocr-default/api/ocr-nanonets/,2023-06, NanonetsOCR ,OCR Nanonets,User Friendly Optical Character Recognition (OCR) API for text extraction from images / PDF with great accuracy. Works well as an image to text / PDF to text solution. | [PDF / Image to Text Online Converter](https://nanonets.com/image-to-text?&utm_source=rapidapi) | [PDF / Image to CSV Online Converter](https://nanonets.com/convert-pdf-to-csv?&utm_source=rapidapi) | [Python Code OCR Tutorial](https://nanonets.com/blog/pdf-ocr-python) | [Enterprise OCR and IDP Solutions](https://nanonets.com...,9.6,"7,803 ms",100%
https://rapidapi.com/hakimiachraf841/api/ocr-image-to-text4/,2023-09, Achraf hakimi ,OCR - Image to Text,"OCR - Image to text allows you to extract text from images. The api supports more than 100 languages. JPEG, PNG, GIF, and jpg images are supported.",9.5,"6,083 ms",88%
https://rapidapi.com/dominonet-lTpEE6zONeS/api/vin-recognition/,2023-09, AI in Traffic ,VIN Recognition,"Vehicle Identification Number (VIN) Recognition Model 3.0 (VIN OCR) which can accurately and swiftly extract VIN from various images. This model is equipped with advanced Optical Character Recognition (OCR) technology and a decoder. It can not only accurately read the VIN but also get basic vehicle information such as make, model, year based on the VIN. [View documents](https://rapidapi.com/dominonet-lTpEE6zONeS/api/vin-recognition/details)",9.7,895 ms,100%
https://rapidapi.com/admobsteelindia/api/ocr-image-to-text-multilingual/,2023-09, General Innovs ,OCR Image to text MULTILINGUAL,"Extraction or extractiong text from images Text from image API - MULTILANGUAGE provides easy text extraction which would be useful in getting insights, knowledge about the text, meaningful context etc. There are numerous languages this particular api supports. Fuzzy selection is implemented where multiple Algorithms/approaches work . Use proper ""LANGUAGE CODE"", for particular language. Various supported languages are : Afrikaans Albanian Amharic Arabic Armenian Assamese Azerbaijani Basque Be...",9.6,778 ms,100%
https://rapidapi.com/microsoft-azure-org-microsoft-cognitive-services/api/microsoft-computer-vision3/,2023-04, Microsoft Azure ,Microsoft Computer Vision,An AI service from Microsoft Azure that analyzes content in images,9.8,"1,010 ms",100%
https://rapidapi.com/andero-VDilSNebN/api/image-describing-ai-visual-decoder/,2023-05, Andero Av ,Image Describing AI - Visual Decoder,"The ""Image Intelligence API"" is a powerful tool that uses artificial intelligence to understand and describe the content of your images. It can seamlessly identify and interpret the various elements within an image, providing detailed, context-aware descriptions, thereby transforming visual data into actionable insights.",9.5,"4,246 ms",97%
https://rapidapi.com/PresentID/api/face-verification2/,2023-03, PresentID ,Face Verification,PresentID Face verification API(photo id matching) evaluates whether two faces belong to the same person or not.,9.7,"1,199 ms",100%
https://rapidapi.com/api4ai-api4ai-default/api/nsfw3/,2023-09, API 4 AI ,NSFW,"This API processes images and detects sexual content in them, marking the images as Safe For Work (SFW) or Not Safe For Work (NSFW). [![Examples](https://img.shields.io/badge/View%20examples-gray?logo=gitlab&style=flat)](https://gitlab.com/api4ai/examples/nsfw) [![API4AI](https://img.shields.io/badge/api4.ai%20platform-fee33c?logo=icloud&flat&logoColor=black)](https://api4.ai/apis/nsfw?utm_source=nsfw_rapidapi&utm_medium=endpoints&utm_campaign=rapidapi) [![Telegram](https://img.shields.io/ba...",9.8,"1,027 ms",100%
https://rapidapi.com/dominonet-lTpEE6zONeS/api/image-to-text-ocr1/,2023-09, AI in Traffic ,Image To Text OCR,"Automated language detection (hybrid approach) and text extraction from diverse types of images, including handwritten ones. Supports a wide range of formats including JPEG, PNG8, PNG24, GIF, BMP, WEBP, RAW, and ICO.",9.7,360 ms,100%
https://rapidapi.com/sensorai-sensorai-default/api/vehicle-damage-assessment/,2023-11, Sensor AI ,Vehicle Damage Assessment,Identify over 15 vehicle damage types from 38 car parts. Freemium available.,9.5,"3,015 ms",99%
https://rapidapi.com/arsa-technology-arsa-technology-default/api/face-recognition18/,2023-06, ARSA Technology ,Face Recognition,"A comprehensive solution for face recognition and analysis, integrated with a dedicated database. It accurately identifies the location of human faces, provides recognized unique identifiers (UIDs), incorporates liveness detection, determines age and gender, analyzes facial expressions (emotions), and includes facemask detection functionality.",9.7,"5,435 ms",86%
https://rapidapi.com/smartclick-smartclick-default/api/nsfw-images-detection-and-classification/,2023-08, SmartClick ,NSFW images detection and classification,Adult content detection technology identifies explicit content in images that are not safe for work or other public places. Our AI model detects exposed parts of a body and classifies if they are considered NSFW content.,9.9,926 ms,100%
https://rapidapi.com/api4ai-api4ai-default/api/general-detection/,2023-06, API 4 AI ,General Detection,"This ready-to-use API offers high-accuracy detection of different types of objects, framing them with bounding boxes and predicting their class. [![Examples](https://img.shields.io/badge/View%20examples-gray?logo=gitlab&style=flat)](https://gitlab.com/api4ai/examples/general-det) [![API4AI](https://img.shields.io/badge/api4.ai%20platform-fee33c?logo=icloud&flat&logoColor=black)](https://api4.ai/apis/object-detection?utm_source=general_det_rapidapi&utm_medium=endpoints&utm_campaign=rapidapi) ...",9.5,794 ms,100%
https://rapidapi.com/firdavscoder1/api/ai-picture-colorizer1/,2023-10, Firdavs Shodiyev ,AI Picture Colorizer,"""Our Image colorizer API is a powerful tool that uses advanced deep learning algorithms to automatically add color to black and white images. With just a few lines of code, you can integrate our API into your application or website and give your users the ability to quickly and easily add color to their old or historic photos. Whether you're building a photo editing app or an online photo album, our Image colorizer API can help you enhance the visual appeal of your images and create a more en...",9.5,"2,001 ms",100%
https://rapidapi.com/rekinm-lnlYQT00U1z/api/regim3/,2023-05, vaRDas ,Regim,"API for extracting data from image: colors, objects, face recognition and etc.",9.5,"2,348 ms",100%
https://rapidapi.com/ailabapi-ailabapi-default/api/cartoon-yourself/,2023-09, AILabTools ,Cartoon yourself,"Using advanced adversarial generative network technology, we can break through the ""next generation wall"" with one click, retain user features in multiple dimensions to achieve the effect of a thousand faces, and with a variety of comic style image migration, we can generate highly cute comic faces with artistic beauty for users.Based on the stylized special effects solution-EffectGAN with small sample generation technology, the intelligent creation team creates a variety of special effects. ...",9.6,"2,671 ms",100%
https://rapidapi.com/dominonet-lTpEE6zONeS/api/document-ocr1/,2023-11, AI in Traffic ,Document OCR,"Extract structured text and portraits from various ID cards, passports, driver's licenses, etc. Support for 200+ countries and regions and 10,000+ document types. It can also recognize MRZ and QR/BarCodes.",9.7,"1,345 ms",100%
https://rapidapi.com/enno-ai-enno-ai-default/api/passport-recognition/,2023-03, Enno Ai ,Passport Recognition,Easily find and extract passport information,9.5,"10,104 ms",100%
https://rapidapi.com/microsoft-azure-org-microsoft-cognitive-services/api/microsoft-content-moderator2/,2023-04, Microsoft Azure ,Microsoft Content Moderator,An AI service from Microsoft Azure that detects unwanted content,9.7,"1,056 ms",100%
https://rapidapi.com/api4ai-api4ai-default/api/face-detection14/,2023-06, API 4 AI ,Face Detection,"This ready-to-use API provides a pack of options in human face detection: face and landmarks detection, face re-identification of an already detected face. [![Examples](https://img.shields.io/badge/View%20examples-gray?logo=gitlab&style=flat)](https://gitlab.com/api4ai/examples/face-analyzer) [![API4AI](https://img.shields.io/badge/api4.ai%20platform-fee33c?logo=icloud&flat&logoColor=black)](https://api4.ai/apis/face-analysis?utm_source=face_analyzer_rapidapi&utm_medium=endpoints&utm_campaign...",9.6,"2,890 ms",100%
https://rapidapi.com/smartclick-smartclick-default/api/license-plate-detection/,2023-08, SmartClick ,License Plate Detection,Use the license plate or car plate recognition and detection API to detect the vehicle number plate in a frame.,9.6,"1,142 ms",100%
https://rapidapi.com/api4ai-api4ai-default/api/brand-recognition/,2023-05, API 4 AI ,Brand Recognition,This ready-to-use API provides high-accuracy brand detection and logo recognition. [![Examples](https://img.shields.io/badge/View%20examples-gray?logo=gitlab&style=flat)](https://gitlab.com/api4ai/examples/brand-det) [![API4AI](https://img.shields.io/badge/api4.ai%20platform-fee33c?logo=icloud&flat&logoColor=black)](https://api4.ai/apis/brand-recognition?utm_source=brand_det_rapidapi&utm_medium=endpoints&utm_campaign=rapidapi) [![Telegram](https://img.shields.io/badge/-Telegram%20demo-white?l...,9.5,832 ms,100%
https://rapidapi.com/microsoft-azure-org-microsoft-cognitive-services/api/microsoft-face1/,2023-04, Microsoft Azure ,Microsoft Face,An AI service from Microsoft Azure that analyzes faces in images.,9.6,"1,378 ms",100%
https://rapidapi.com/iq.faceok/api/ocr-extract-text/,2022-11, Lonar services ,OCR - Extract text,Extract texts from images with very high accuracy and supports all languages of the earth.,9.8,"2,287 ms",100%
https://rapidapi.com/api4ai-api4ai-default/api/fashion4/,2023-05, API 4 AI ,Fashion,This Fashion API offers an image class-prediction algorithm for clothes and accessories. [![Examples](https://img.shields.io/badge/View%20examples-gray?logo=gitlab&style=flat)](https://gitlab.com/api4ai/examples/fashion) [![API4AI](https://img.shields.io/badge/api4.ai%20platform-fee33c?logo=icloud&flat&logoColor=black)](https://api4.ai/apis/fashion?utm_source=fashion_rapidapi&utm_medium=endpoints&utm_campaign=rapidapi) [![Telegram](https://img.shields.io/badge/-Telegram%20demo-white?logo=tele...,9.7,"1,291 ms",100%
https://rapidapi.com/engagehitsmail/api/fast-hcaptcha-solver/,2023-10, Engage Hits ,Fast Hcaptcha Solver,Solves hcaptcha using service,9.7,395 ms,100%
https://rapidapi.com/cloudlabs-dev/api/cloudlabs-image-ocr/,2023-02, CLOUDLABS ,Cloudlabs Image OCR,"Is an API used as OCR (Optical Character Recognition), to extract text in an image, supports handwriting",9.6,"1,619 ms",100%
https://rapidapi.com/api4ai-api4ai-default/api/general-classification1/,2023-06, API 4 AI ,General Classification,"This Image Labelling API is a ready-to-use solution for image classification. As an output, it gives you the probability of a certain class(es) to be present in a corresponding input image. [![Examples](https://img.shields.io/badge/View%20examples-gray?logo=gitlab&style=flat)](https://gitlab.com/api4ai/examples/general-cls) [![API4AI](https://img.shields.io/badge/api4.ai%20platform-fee33c?logo=icloud&flat&logoColor=black)](https://api4.ai/apis/image-labelling?utm_source=general_cls_rapidapi&u...",9.5,924 ms,100%
https://rapidapi.com/smartclick-smartclick-default/api/emotion-detection2/,2023-08, SmartClick ,Emotion Detection,"Humans are used to taking in non-verbal cues from facial emotions. Now, AI can also get better at reading emotions. The model detects the following emotions on a human face: neutral, joy, sadness, surprise, anger, fear, disgust.",9.6,"1,293 ms",100%
https://rapidapi.com/api4ai-api4ai-default/api/wine-recognition2/,2023-05, API 4 AI ,Wine Recognition,This ready-to-use API provides recognition of labels on wine bottles covering more than 400 000 different labels. The results contain information about the brand of wine and its type. [![Examples](https://img.shields.io/badge/View%20examples-gray?logo=gitlab&style=flat)](https://gitlab.com/api4ai/examples/wine-rec) [![API4AI](https://img.shields.io/badge/api4.ai%20platform-fee33c?logo=icloud&flat&logoColor=black)](https://api4.ai/apis/wine-rec?utm_source=wine_rec_rapidapi&utm_medium=endpoints...,9.7,753 ms,100%
https://rapidapi.com/api4ai-api4ai-default/api/ocr43/,2023-09, API 4 AI ,OCR,This API processes images and performs Optical Character Recognition. [![Examples](https://img.shields.io/badge/View%20examples-gray?logo=gitlab&style=flat)](https://gitlab.com/api4ai/examples/ocr) [![API4AI](https://img.shields.io/badge/api4.ai%20platform-fee33c?logo=icloud&flat&logoColor=black)](https://api4.ai/apis/ocr?utm_source=ocr_rapidapi&utm_medium=endpoints&utm_campaign=rapidapi) [![Telegram](https://img.shields.io/badge/-Telegram%20demo-white?logo=telegram&style=flat)](https://t.me/...,9.8,"1,711 ms",100%
https://rapidapi.com/smartclick-smartclick-default/api/age-detector/,2023-08, SmartClick ,Age Detector,"Age detection can be a challenging problem due to the variations in the aging of every individual depending on one’s health, lifestyle, etc. Analyzing the face of humans using computer vision can help estimate the age of humans as the face holds most of the important attributes showing the age of a person. The model estimates a person’s age from a picture.",9.5,"1,327 ms",100%
https://rapidapi.com/dominonet-lTpEE6zONeS/api/vehicle-make-and-model-recognition/,2023-11, AI in Traffic ,Vehicle Make and Model Recognition,"Provides you with the ability to detect the make, model, generation, color and angle of a car from its image. Our API is powered by computer vision and deep learning techniques to correctly identify cars under different lighting and weather conditions. Currently, we are able to detect more than 3,000 different car models. This number is growing every month as we add new cars to our database.",9.7,"1,464 ms",100%
https://rapidapi.com/api4ai-api4ai-default/api/background-removal4/,2023-09, API 4 AI ,Background Removal,This API provides image foreground segmentation with consequent background removal. [![Examples](https://img.shields.io/badge/View%20examples-gray?logo=gitlab&style=flat)](https://gitlab.com/api4ai/examples/img-bg-removal-general) [![API4AI](https://img.shields.io/badge/api4.ai%20platform-fee33c?logo=icloud&flat&logoColor=black)](https://api4.ai/apis/bg-removal?utm_source=img_bg_removal_general_rapidapi&utm_medium=endpoints&utm_campaign=rapidapi) [![Telegram](https://img.shields.io/badge/-Tel...,9.9,"5,420 ms",100%
https://rapidapi.com/jlcdev/api/similarity2/,2023-04, jlcdev ,Similarity,Compare two pictures and find out how similar they are,9.7,"1,907 ms",100%
https://rapidapi.com/dominonet-lTpEE6zONeS/api/license-plate-recognition2/,2023-09, AI in Traffic ,License Plate Recognition,Supports license plate recognition in 67 countries. [Supported Countries](https://rapidapi.com/dominonet-lTpEE6zONeS/api/license-plate-recognition2/details),9.5,140 ms,100%
https://rapidapi.com/iapphr/api/thai-national-id/,2023-01, iApp Technology ,thai-national-id,Thai National ID Card OCR -> Doc: https://docs.iapp.co.th/thai-national-id-card-version-3-api-documentation and Postman Example: https://www.getpostman.com/collections/b643e60f146e6f37858c,9.3,"5,640 ms",98%
https://rapidapi.com/luxand-inc-luxand-inc-default/api/luxand-cloud-face-recognition/,2022-11, Luxand Inc ,Luxand.cloud Face Recognition,"Detect and compare human faces. Identify previously tagged people in images. Recognize age, gender, and emotion in the photo.",9.2,476 ms,100%
https://rapidapi.com/betaface/api/face-recognition/,2021-11, Oleksandr Kazakov ,Face Recognition,"Detect, analyze and recognize faces",9.3,"3,038 ms",83%
https://rapidapi.com/eyerecognize/api/nudity-recognition-nudity-filter-for-images/,2021-11, Imagevision ,Nudity Recognition - Nudity Filter for Images,"EyeRecognize NSFW NuditySearch - Recognizing nudity is a highly complex problem. NSFW Nudity Search tackles this problem by recognizing anatomical attributes and determining if there is nudity or suggestive imagery in images. The service is useful for website or app owners looking to provide site safety, ad safety, and online profile verification. We provide 3 different settings of varying sensitivities depending on your tolerance for exposed skin (i.e. - lingerie and bikini).",9.3,"1,857 ms",99%
https://rapidapi.com/smartclick-smartclick-default/api/scene-classification/,2023-08, SmartClick ,Scene Classification,# Scene Classification This scene classification model identifies the scenes in images and videos at scale. The model checks the scene location (indoor/outdoor) and groups them under different categories based on their attributes. It returns multiple scene labels and detailed attributes. Scene classification API is used to detect indoor and outdoor scenes in an image.,9.1,"1,326 ms",100%
https://rapidapi.com/api4ai-api4ai-default/api/masks-detection/,2023-06, API 4 AI ,Masks detection,"High-accuracy solution for medical masks detection. This solution analyzes a given image, detects people in it and reports if they wear protective masks or not. [![Examples](https://img.shields.io/badge/View%20examples-gray?logo=gitlab&style=flat)](https://gitlab.com/api4ai/examples/med-mask) [![API4AI](https://img.shields.io/badge/api4.ai%20platform-fee33c?logo=icloud&flat&logoColor=black)](https://api4.ai/apis/mask-detection?utm_source=med_mask_rapidapi&utm_medium=endpoints&utm_campaign=rap...",9.2,910 ms,100%
https://rapidapi.com/ai-engine-ai-engine-default/api/faceanalyzer-ai/,2023-09, AI-Engine ,FaceAnalyzer AI,"Advanced facial analysis for face detection, age estimation, emotion analysis, celebrities identification, face comparison, face re-identification and more.",9.4,"1,154 ms",100%
https://rapidapi.com/ai-engine-ai-engine-default/api/ocr-wizard/,2023-08, AI-Engine ,OCR Wizard,"Extract Text from printed and handwritten scanned documents with high accuracy, and support more than 200 languages",9.2,831 ms,100%
https://rapidapi.com/idfy-idfy-default/api/document-image-validation/,2021-11, IDfy ,Document Image Validation,"Ensure you have a high percentage of right-first-time document collection and a straight pass-through by validating in real-time that the documents your customers submit are the same you expect them to be. The Document Validation API enables you to qualify the images before your customers submit them to you, in terms of classification of the document, clarity of document, and whether a document has a face present on it or not.",9.1,105 ms,100%
https://rapidapi.com/ailabapi-ailabapi-default/api/skin-analysis/,2023-09, AILabTools ,Skin analysis,"Provides multi-dimensional detailed skin analysis on the skin, comprehensive detection and identification of skin color, skin smoothness, acne spots, wrinkles, pores, blackheads, dark circles and eye bags, etc., accurate to such as blood vessel dark circles, acne marks, etc. detail",9.4,"1,659 ms",100%
https://rapidapi.com/zyla-labs-zyla-labs-default/api/cat-breed-classification-api/,2023-11, Zyla Labs ,Cat Breed Classification API,This API will allow you to recognize the cat's breed within a picture. Be able to sort your image database by breed.,8.5,"1,458 ms",100%
https://rapidapi.com/ai-box-ai-box-default/api/vehicle-recognition/,2021-11, AI Box ,Vehicle Recognition,Recognite vehicle object in images.,8.8,"6,985 ms",84%
https://rapidapi.com/dominonet-lTpEE6zONeS/api/vehicle-image-background-removal/,2023-09, AI in Traffic ,Vehicle Image Background Removal,Automatically removes the background from vehicle images and outputs lossless compressed transparent background PNG images without affecting the visual appearance and avoiding large file sizes.,9.4,"2,943 ms",100%
https://rapidapi.com/nmastrap/api/vrt-visual-recognition-tool/,2022-11, Nunzio Mastrapasqua ,VRT Visual Recognition Tool,"VRT makes it easy to add image analysis to your applications. You provide an image to the API and the service detects objects, people, faces; extracts text (lines and words with geometry), scenes and activities. It provides content moderation API to detect any inappropriate, unwanted, or offensive content. It can also detect celebrities (with their emotions), labels, personal protective equipment (PPE) and provide highly accurate facial analysis (bounding box, landmarks, age range, gender, ...",9.1,"3,732 ms",100%
https://rapidapi.com/nucoding2023/api/nsfw-image-detection1/,2023-03, Nucoding ,NSFW Image Detection,Detect NSFW (nude/adult) content in images quickly and easily.,9.0,183 ms,100%
https://rapidapi.com/mrcodar7/api/ocr-extract-text1/,2022-11, Mohammed ,OCR - Extract text,Extract texts from images with very high accuracy and supports all languages of the earth.,9.1,136 ms,100%
https://rapidapi.com/ailabapi-ailabapi-default/api/skin-analyze-advanced/,2023-09, AILabTools ,Skin analyze Advanced,"Analysis of skin condition, such as skin color, skin texture, double eyelids, eye bags, dark circles, wrinkles, acne, spots, etc.",9.1,"2,985 ms",100%
https://rapidapi.com/tonysoos/api/hand-recognition2/,2023-02, Body AI ,Hand Recognition,"An input image (decodable normally and with appropriate aspect ratio) detects the hands in the image and outputs the coordinate frame, 21 bone node coordinate information of each hand.",9.0,"1,042 ms",100%
https://rapidapi.com/ailabapi-ailabapi-default/api/skin-analyze-pro/,2023-09, AILabTools ,Skin analyze Pro,"Provides detailed multi-dimensional skin analysis of skin, comprehensive analysis of skin condition, such as skin color, skin texture, double eyelids, eye bags, dark circles, wrinkles, acne, spots, etc.",9.0,"3,345 ms",100%
https://rapidapi.com/airaudoeduardo/api/nsfw-image-classification3/,2023-09, CheckLeakedCC ,NSFW Image Classification,Use our Content Moderation API to flag possible inappropriate/ nude / adult content in your images.,9.4,"2,284 ms",97%
https://rapidapi.com/promityai-promityai-default/api/promity-facial-emotion/,2022-11, PromityAI ,Promity Facial Emotion,API for recognizing facial emotions in images in real time.,8.9,"5,874 ms",100%
https://rapidapi.com/smartclick-smartclick-default/api/logo-detection/,2023-08, SmartClick ,Logo detection,Logo detection technology identifies logos in images & video. The API takes an image as an input and outputs the coordinates of the logo.,9.2,"12,656 ms",81%
https://rapidapi.com/ai-gateway-ai-gateway-default/api/celebrity-face-detection/,2023-03, AI Gateway ,Celebrity Face Detection,"Detects whether image contain celebrity faces. Trained with over 10,000 recognized celebrities.",9.0,"3,964 ms",100%
https://rapidapi.com/admin-PtlBv1hw6/api/swiftscan-ocr-api/,2023-10, Alejandro Cabrerizo ,SwiftScan OCR API,"Fast, Accurate, and Cost-effective OCR Solution",9.2,32 ms,100%
https://rapidapi.com/stevenathouel/api/easy-ocr/,2023-09, steven athouel ,Easy OCR,OCR made easy,8.9,"1,409 ms",99%
https://rapidapi.com/alchera-alchera-default/api/face-recognition-detection-similarity-liveness/,2023-09, Alchera Inc. ,"Face Recognition (detection, similarity, liveness)","The all-in-one face recognition API with high accuracy for face alignment, similarity, and liveness.",8.9,198 ms,57%
https://rapidapi.com/promityai-promityai-default/api/promity-age-and-gender-recognition/,2022-11, PromityAI ,Promity Age and Gender Recognition,API for age and gender recognition,9.3,"2,444 ms",100%
https://rapidapi.com/macmashtu/api/image-trimming-enhancement/,2022-11, macmashtu ,Image trimming enhancement,"Intelligently determine the edges of the main document in the photo to cut the edges, while enhancing the image to highlight the text",8.5,"34,123 ms",100%
https://rapidapi.com/mkrtchyankaro-A_M729L_lrj/api/ocr-text-detection/,2023-06, Karo Mkrtchyan ,OCR Text Detection,"Extract text, boundingBoxes, score, locale and dimensions from image using (google vision text detection)",8.8,"1,722 ms",100%
https://rapidapi.com/ai-engine-ai-engine-default/api/objects-detection/,2023-11, AI-Engine ,Objects Detection,Detect and identify objects in images using deep learning. Recognize over 3000 object categories and extract keywords for a comprehensive image analysis,8.6,652 ms,100%
https://rapidapi.com/work2serve/api/optical-character-recognition/,2023-07, work2serve ,Optical character recognition,"Powered by AWS Textract - uses cutting-edge machine learning technology to extract text and data from a wide range of documents, including printed and handwritten text. With AWS Textract, businesses can automate document processing, streamline workflows, and eliminate the need for manual data entry. This powerful service offers exceptional accuracy, easy integration with existing systems, scalability, and a cost-effective. Experience the efficiency and accuracy of AWS Textract to unlock the v...",9.2,"3,466 ms",93%
https://rapidapi.com/roftcomp-laGmBwlWLm/api/reciclapi-garbage-detection/,2023-02, ROFT ,ReciclAPI - Garbage Detection,Use this API to identify types of garbage. The images can be classified among 10 different types:,8.9,"1,492 ms",100%
https://rapidapi.com/tonysoos/api/body-recognition1/,2023-10, Body AI ,Body Recognition,"For an input image, it detects all the human bodies in the image and outputs 21 key points of each human body, including the top of the head, the five senses, the neck, the limbs and other parts, and also outputs the coordinate information and the number of human bodies.",9.2,"2,253 ms",100%
https://rapidapi.com/ai-engine-ai-engine-default/api/nsfw-detect3/,2023-09, AI-Engine ,NSFW Detect,"Detect if an image contains NSFW content (Nudity, Sexual Activity, Violence, Drugs, Alcohol, Tobacco, Hate Symbols, Rude Gestures ...)",9.2,754 ms,100%
https://rapidapi.com/skymel-skymel-default/api/real-or-fake-image/,2023-06, Skymel ,Real or Fake Image?,"Our API identifies artificial or generative AI images, providing accurate detection to combat fake and misleading visuals. Using advanced algorithms, it analyzes and identifies unique patterns to offer an added layer of protection and verification for social media platforms, news organizations, and content creators.",8.6,"1,363 ms",100%
https://rapidapi.com/PresentID/api/face-detection11/,2023-02, PresentID ,Face Detection,"PresentID Face detection API can detect the face(s) in your image and retrieve some features such as Age, Gender, Landmarks, etc.",9.4,864 ms,88%
https://rapidapi.com/promityai-promityai-default/api/promity-face-detection/,2022-11, PromityAI ,Promity Face Detection,API for face detection in images in real time,9.0,"6,089 ms",99%
https://rapidapi.com/idfy-idfy-default/api/aadhaar-data-extraction-solution/,2021-11, IDfy ,Aadhaar Data Extraction Solution,Extracts data from Aadhaar cards instantly and accurately.,9.0,212 ms,100%
https://rapidapi.com/dickyagustin/api/solvemedia-solver/,2023-02, DEVISTY ,SolveMedia Solver,An API for bypassing and recognizing SolveMedia Captcha,8.8,"1,132 ms",100%
https://rapidapi.com/aiapisdev/api/room-identifier1/,2023-01, AI APIs ,Room Identifier,Identification of room types based on an image.,9.2,"2,048 ms",49%
https://rapidapi.com/promityai-promityai-default/api/faceanalysis/,2022-11, PromityAI ,FaceAnalysis,"Use our API for face detection, facial emotions, age and gender.",9.4,"3,043 ms",100%
https://rapidapi.com/dominonet-lTpEE6zONeS/api/license-plate-anonymization/,2023-09, AI in Traffic ,License Plate Anonymization,"The License Plate Anonymization API is used to automatically obscure or mask license plates, ensuring that sensitive information is protected while maintaining the overall integrity of the image.",9.0,"2,942 ms",100%
https://rapidapi.com/zyla-labs-zyla-labs-default/api/dog-breed-classification-api/,2023-02, Zyla Labs ,Dog Breed Classification API,This API will allow you to recognize the dog's breed within a picture. Be able to sort your image database by breed.,8.6,"1,334 ms",100%
https://rapidapi.com/macmashtu/api/automatic-removal-of-watermarks-or-handwritten-text/,2022-11, macmashtu ,Automatic removal of watermarks or handwritten text,Automatically detects handwritten or watermarked text in document images and removes it [See the functional effects](https://rapidapi.com/macmashtu/api/automatic-removal-of-watermarks-or-handwritten-text/details),9.2,"3,910 ms",100%
https://rapidapi.com/dominonet-lTpEE6zONeS/api/credit-card-ocr/,2023-05, AI in Traffic ,Credit Card OCR,Extracting text from credit cards.,9.1,"3,366 ms",100%
https://rapidapi.com/promityai-promityai-default/api/promity-face-analyzer/,2022-11, PromityAI ,Promity Face Analyzer,API for face attributes recognition in real time.,9.0,"5,843 ms",100%
https://rapidapi.com/iq.faceok/api/nsfw-detector2/,2023-10, Lonar services ,NSFW Detector,"Using this API, you can detect whether the images are NSFW or not, with a very high accuracy of up to 99%.",8.8,"1,097 ms",100%
https://rapidapi.com/skymel-skymel-default/api/image-caption-description-generator/,2023-08, Skymel ,Image Caption / Description Generator,"This service is designed to generate appropriate captions for an input image, which can be used to provide context, create more accessible content, or aid in content discovery.",9.3,"1,071 ms",100%
https://rapidapi.com/ailabapi-ailabapi-default/api/change-facial-expressions/,2023-09, AILabTools ,Change facial expressions,Use advanced image processing technology to edit the expressions of human faces in images. Supports application scenarios such as real-time effects and photo editing.,8.7,"2,300 ms",95%
https://rapidapi.com/nadkabbani/api/ocrly-image-to-text/,2023-05, HINDECODER.com ,OCRLY image to text,"Provided by OCRLy.biz, this image to text processor is very accurate and used by IT teams to convert images of error screenshots to text in their zendesk accounts for example.",9.2,"5,556 ms",100%
https://rapidapi.com/mantis-object-detection-mantis-object-detection-default/api/mantis-object-detection/,2023-05, Mantis Object Detection ,Mantis Object Detection,Reliable and Accurate Face and Object Detection via ResNet-50,8.9,936 ms,100%
https://rapidapi.com/ailabapi-ailabapi-default/api/ai-makeup/,2023-09, AILabTools ,AI Makeup,"Based on AI algorithm to simulate realistic makeup effect, it further enhances the face beautification effect by adding lipstick, highlighter, whole makeup and other makeup materials. Users can choose different beauty types and match with personalized beauty materials to complete the makeup look.",8.9,"1,596 ms",100%
https://rapidapi.com/zyla-labs-zyla-labs-default/api/vehicle-type-classification-api/,2023-02, Zyla Labs ,Vehicle Type Classification API,"The Vehicle Type Classification API is used to classify a given image of a vehicle into different vehicle types such as car, truck, bus, motorcycle, and more. The API uses deep learning algorithms to analyze the image and provide the classification results.",8.7,"1,116 ms",82%
https://rapidapi.com/rekinm-lnlYQT00U1z/api/parking-places/,2023-08, vaRDas ,Parking places,Analize image to get info about parking places using machine learning!,9.4,240 ms,100%
https://rapidapi.com/admobsteelindia/api/object-product-things-detection-multilingual/,2023-07, General Innovs ,"Object, Product, Things ... detection-Multilingual","Detect things, products inside in an image",9.3,"3,802 ms",100%
https://rapidapi.com/jackzhu652-o7wnlo8g_MO/api/handwriting-recognition1/,2023-11, AI-tools ,Handwriting recognition,"Handwritten coordinate point recognition text, support Chinese, Japanese, Korean, English, French, German, Russian, Portuguese, Spanish.",9.2,474 ms,99%
https://rapidapi.com/mkrtchyankaro-A_M729L_lrj/api/label-detection/,2023-06, Karo Mkrtchyan ,Label Detection,Extract labels from image using (google vision label detection),8.8,6 ms,100%
https://rapidapi.com/ailabapi-ailabapi-default/api/face-analyzer/,2023-09, AILabTools ,Face Analyzer,"Using cutting-edge AI technology, our API offers comprehensive facial analysis for a given image, providing detailed information about the detected face, including facial position, facial attributes (such as gender, age, expression, attractiveness, eyewear, hairstyle, mask presence, and pose), as well as facial quality metrics (including overall quality score, blur score, lighting score, and facial feature occlusion score).",9.3,"1,609 ms",99%
https://rapidapi.com/serhaterfidan/api/best-image-recognition-api/,2023-10, Serhat E ,Best Image Recognition API,The Best Image Recognition API offers unparalleled accuracy and versatility in analyzing images.,9.0,907 ms,100%
https://rapidapi.com/PresentID/api/face-similarity/,2023-02, PresentID ,Face Similarity,PresentID Face Similarity API can detect a face in your image and shows the most similar image.,8.5,"1,587 ms",100%
https://rapidapi.com/PresentID/api/face-enroll1/,2023-02, PresentID ,Face Enroll,"PresentID Face enroll API allows you to register your users for future authentication. This API stores two image files along with the user's personal information. Before saving, it is checked whether these two images belong to one person or not. So allows the user to authenticate by sending the face and personID.",8.9,490 ms,100%
https://rapidapi.com/mkrtchyankaro-A_M729L_lrj/api/web-detection/,2023-06, Karo Mkrtchyan ,Web Detection,"Extract list of entities, full matches urls, partial matches urls, visual matches urls, pages, locale and dimensions from image using (google vision web detection)",9.2,"1,992 ms",97%
https://rapidapi.com/ai-box-ai-box-default/api/image-text-recognition/,2021-11, AI Box ,Image Text Recognition,Recognizing text content from images,8.7,"4,608 ms",80%
https://rapidapi.com/manassayousif/api/ocr-extract-text2/,2023-11, Manassa Yousif ,OCR Extract text,Extract texts from image and PDF files with very high accuracy and high performance. Support Base64 format.,9.2,"3,815 ms",95%
https://rapidapi.com/way2risetech/api/face-compare4/,2023-10, way2risetech ,Face Compare,face verification,8.5,638 ms,100%
https://rapidapi.com/zyla-labs-zyla-labs-default/api/image-classification-api/,2023-02, Zyla Labs ,Image Classification API,"The Image Classification API is a machine-learning model that can recognize and categorize objects, scenes, and activities in images. It can be integrated into applications to automate image tagging, and object detection, and help with search functionality. This API can classify images into thousands of predefined categories, making it a powerful tool for various industries such as e-commerce, social media, and autonomous vehicles.",8.7,"2,965 ms",100%
https://rapidapi.com/llbbmm/api/midjourney-api6/,2023-11, llbbmm ,midjourney api,mj easily-integrated Midjourney API solutions for your applications!,9.4,509 ms,100%
https://rapidapi.com/captchasolutions/api/captchas-io1/,2022-11, captchasolutions ,CAPTCHAs-IO,A stable and fast CAPTCHA solving web service.,9.1,898 ms,100%
https://rapidapi.com/sergiocbueno/api/recognition-apis1/,2022-11, Sérgio Bueno ,Recognition APIs,"The Recognition APIs is a web-based service that recognizes by detecting text, vehicle plate standards, or any type of object inside image content. The cloud APIs service is easy to integrate into your application via REST service. It is a completely free and also open-source project.",8.8,"4,238 ms",60%
https://rapidapi.com/everypixel/api/everypixel-image-recognition/,2021-11, everypixel ,Everypixel Image Recognition,"Use all the power of AI and machine learning to reduce your costs on image recognition and moderation in your apps and products. The Everypixel Image Recognition is a set of pre-trained models available through the API. Thanks to easy algorithms assignment, developers can start using them once they sign up.",8.4,"1,327 ms",100%
https://rapidapi.com/arsa-technology-arsa-technology-default/api/people-counting-and-analysis/,2023-06, ARSA Technology ,People Counting and Analysis,"An API which offers AI-powered people counting and analysis in photographs, providing information on each detected person's bounding box coordinates, estimated gender, person's attributes (including gender and hair), top and bottom clothes color, and apparels attributes (such as bag, backpack, hat, long sleeves, long pants, and coat jacket detection). It enables accurate and comprehensive analysis of people in images for a variety of applications.",,,
https://rapidapi.com/DataToBiz/api/license-plate-recognition3/,2022-11, DataToBiz ,License Plate Recognition,Detect and recognize the license plate of moving vehicles using our LPR System with tilt correction.,8.2,"12,559 ms",100%
https://rapidapi.com/vds-ltd-vds-ltd-default/api/ocr-supreme/,2022-11, VDS Ltd ,OCR Supreme,"Powerful optical character recognition - 24 languages - supporting all common image formats and multiple output formats, including PDF (with selectable text overlay), HTML (hOCR) and plain text. Perfect for a wide range of applications including automatic transcribing of scanned document, invoices, identity documents and more. Feel free to send us a message if you are having issues.",8.4,"2,509 ms",100%
https://rapidapi.com/mkrtchyankaro-A_M729L_lrj/api/logo-detection1/,2023-06, Karo Mkrtchyan ,Logo Detection,"Extract text, boundingBox, score, locale and dimensions from image using (google vision logo detection)",8.4,983 ms,100%
https://rapidapi.com/jlcdev/api/day-night/,2023-11, jlcdev ,Day Night,Given an image examines if it was taken during the day.,8.1,576 ms,100%
https://rapidapi.com/ailabapi-ailabapi-default/api/bring-photos-to-life/,2023-09, AILabTools ,Bring photos to life,"Based on face driving algorithm, it can turn the face in the image into dynamic effect. It can drive the five senses in the image to do any action, make the face vivid, turn static into dynamic, and make the user's photo full of dynamic feeling. The difference with expression editing is that this ability supports any face to generate all kinds of dynamic and complex movements, and can make long time dynamic expressions. It can be used for online entertainment video generation, expression pack...",,,
https://rapidapi.com/abcdan/api/unscan/,2022-11, Daniel ,unscan,"A cost effective NSFW + Malware + Link scanner, usable at any scale. Monitor your content with ease.",,,
https://rapidapi.com/saasscaleup/api/face-detection-with-age-and-emotions-features/,2022-11, ScaleUp SaaS ,Face Detection With Age and Emotions Features,"Use our Face Detection API to detect the location of human faces in your images with optional extra features like Age, Gender, Emotions and Facial Features (Sunglasses, Beard etc...).",,,
https://rapidapi.com/ailabapi-ailabapi-default/api/photo-retouching/,2023-09, AILabTools ,Photo retouching,"Using advanced image processing technology, the input face picture is intelligently changed into beauty. It can help the beauty ability of cell phone manufacturers, beauty apps and other camera classes to achieve sharpening of skin, skin tone whitening, face slimming, adjustment of five features, spot and acne treatment in one click intelligently. Can also be applied to interactive entertainment and other scenarios, such as live streaming, short video, social networking platforms, easily enha...",,,
https://rapidapi.com/ailabapi-ailabapi-default/api/ai-skin-beauty/,2023-09, AILabTools ,AI Skin Beauty,"AI-based algorithms automatically perform skin leveling and blemish removal (acne, pimple marks, freckles, etc.) on face areas, as well as skin area whitening on the whole body, while preserving skin texture as much as possible. Supports multi-person image processing.",8.0,"2,967 ms",100%
https://rapidapi.com/BlairMonroe/api/text-captcha-solver1/,2023-06, Blair Monroe ,Text Captcha Solver,There are some captchas that are made by TEXT patterns. This API solve them.,8.3,57 ms,100%
https://rapidapi.com/jing-is-coding-jing-is-coding-default/api/ml-based-nsfw-image-detection/,2022-11, jing is coding ,ML-based NSFW image detection,"Detect NSFW image for hentai, neutral or porn",8.2,407 ms,100%
https://rapidapi.com/smartclick-smartclick-default/api/eye-tracking-and-gaze-detection/,2023-08, SmartClick ,Eye Tracking and Gaze Detection,The Gaze Detection API is used to monitor a direction where a person is looking.,8.2,611 ms,100%
https://rapidapi.com/ai-box-ai-box-default/api/face-recognition8/,2021-11, AI Box ,Face Recognition,"Detect, analyze and recognize faces.",,,
https://rapidapi.com/roftcomp-laGmBwlWLm/api/imagegenerator-detection/,2023-03, ROFT ,ImageGenerator Detection,This API can be used to identify the source of an image. It can identify if an image was artificially generated or if it is real.,,,
https://rapidapi.com/engagehitsmail/api/fast-qr-code-generator1/,2023-09, Engage Hits ,Fast QR Code generator,Generates QR code for given input text,8.4,980 ms,100%
https://rapidapi.com/simplesent/api/image-sentiment-analysis/,2023-04, simplesent ,Image Sentiment Analysis,"SimpleSent is an image sentiment analysis API. It identifies and interprets emotions portrayed within an image. There are several use cases such as analyzing emotions in editorial illustrations, product reviews, and social media posts. At this time, our models have high accuracy and perform well under edge-case scenarios.",,,
https://rapidapi.com/ionkom/api/ocr14/,2021-11, Ionut ,OCR,Read and Derive insights from your images in cloud,,,
https://rapidapi.com/smartwebresources/api/use-ocr-image-to-text-technology-to-extract-text-from-any-image/,2022-11, smartwebresources ,Use OCR Image To Text Technology To Extract Text From Any Image,"Extract text from images using OCR and Image To Text Technology with accuracy up to 90%. Currently, we support over 100+ languages, but if you do need to extract other languages, feedback us and we will be happy to add them as well. List of language supported is Afrikaans, Amharic, Arabic, Assamese, Azerbaijani, Belarusian, Bengali, Tibetan, Bosnian, Breton, Bulgarian, Catalan, Czech, Corsican, Welsh, Danish, German, Divehi, Dhivehi, Maldivian, Dzongkha, Greek, Modern, English, Esperanto, Es...",,,
https://rapidapi.com/CangByte/api/accuface-detector/,2023-04, Cangte ,AccuFace Detector,"Precise and speedy face detection, as well as analysis of age and gender in images.",,,
https://rapidapi.com/belchiorarkad-FqvHs2EDOtP/api/image-to-text11/,2023-02, Pinto Studio ,Image to Text,"The Image-to-Text API is a tool designed to extract text from an image. This API utilizes optical character recognition (OCR) technology to accurately identify and convert the text within an image into a machine-readable format. The API supports a wide range of image formats, including JPEG, PNG, and TIFF.",,,
https://rapidapi.com/ai-gateway-ai-gateway-default/api/general-image-detection/,2023-03, AI Gateway ,General Image Detection,Detects a variety of common objects and the location and generates regions of an image that may contain that object.,,,
https://rapidapi.com/arsa-technology-arsa-technology-default/api/face-detection-and-analysis/,2023-06, ARSA Technology ,Face Detection and Analysis,"Our comprehensive Face Detection & Analysis API offers a wide range of functionalities. It accurately detects and provides the precise location of faces within images. Additionally, it incorporates advanced features such as liveness detection, age estimation, gender identification, analysis of facial expressions (emotions), and detection of facemasks. With our API, you can efficiently analyze and extract valuable insights from facial data.",8.2,"4,584 ms",100%
https://rapidapi.com/appaio/api/license-plate-from-image/,2023-01, appaio ,License plate from Image,"When provided with a URL containing an image of a vehicle, this API will return the details of the license plate as seen in in the image",,,
https://rapidapi.com/lawtest-lawtest-default/api/recognition-of-counter-data/,2021-11, Lawtest ,Recognition of counter data,"Recognition of readings and serial numbers of water, gas, heat and electricity meters",,,
https://rapidapi.com/ailabapi-ailabapi-default/api/photo-to-3d-slow-motion/,2023-09, AILabTools ,Photo to 3d slow-motion,"Based on portrait segmentation technology, it realizes 2D to 3D conversion of photos to achieve the effect of 3D naked eye slow motion. The selfie image and the background image using Hitchcock technology senseless fusion, open the scene stretching video shooting new way to play, can be used for personal social entertainment, film and television drama effect simulation shooting, etc.",,,
https://rapidapi.com/cloudlabs-dev/api/cloudlabs-image-object-detection/,2023-02, CLOUDLABS ,Cloudlabs Image Object Detection,"Detect multiple objects in an image, extract detected object names",,,
https://rapidapi.com/webit/api/webit-face/,2021-11, Webit ,Webit Face,"Face Detection, Verification, Similarity, Age, Gender, Race, Emotion, Landmarks and Parts analysis.",,,
https://rapidapi.com/skymel-skymel-default/api/nsfw-image-detector-or-classifier/,2023-09, Skymel ,NSFW Image detector or Classifier,"The NSFW classifier is capable of accurately detecting inappropriate content, even in generative AI images and avatars.",,,
https://rapidapi.com/ailabapi-ailabapi-default/api/hairstyle-changer/,2023-09, AILabTools ,Hairstyle changer,"Based on deep learning algorithm, it can add bangs, change long hair, increase the number of hair and other operations to the hairstyle of portrait. In addition to helping users intuitively experience a variety of hair designs and improving the personalized experience of customers in the beauty and hairdressing industry, it can also be used in short videos, social platforms, or integrated into album-type apps to add hair editing play to users' personalized photos to achieve interactive partic...",8.3,"5,197 ms",100%
https://rapidapi.com/mkrtchyankaro-A_M729L_lrj/api/object-detection12/,2023-06, Karo Mkrtchyan ,Object Detection,"Extract list of text, boundingBox, score, locale and dimensions from image using (google vision object detection)",,,
https://rapidapi.com/realbrain-realbrain-default/api/ocr-extract-text-from-image/,2023-06, RealBrain ,OCR - Extract Text From Image,"[Free] The OCR - Extract Text API allows you to extract text from images using optical character recognition (OCR) technology. This API provides a simple and efficient way to automate the process of extracting text from images, making it ideal for applications that require automated data extraction from scanned documents, images, or other visual content.",,,
https://rapidapi.com/DataToBiz/api/nsfw-content-detector/,2022-11, DataToBiz ,NSFW Content Detector,Detect images containing nudity and obscenity.,8.2,"1,371 ms",100%
https://rapidapi.com/lugo-test-lugo-test-default/api/face-count-api/,2023-06, LuGo-Test ,Face Count API,"The Face Count API, designed to analyze an image and determining the number of faces present in that image.",,,
https://rapidapi.com/ailabapi-ailabapi-default/api/face-stylized-portrait/,2023-09, AILabTools ,Face Stylized Portrait,Based on AI algorithm to automatically identify the person area in the image and generate sketch painting effect.,,,
https://rapidapi.com/ai-gateway-ai-gateway-default/api/apparel-classification/,2023-03, AI Gateway ,Apparel Classification,"Clothing classification to classify apparel and recognize accessories such as hats, handbags, gloves, pants, and other types.",,,
https://rapidapi.com/ai-gateway-ai-gateway-default/api/people-detection2/,2023-03, AI Gateway ,People Detection,API for identifying and detecting the location of people in images.,8.4,"35,364 ms",100%
https://rapidapi.com/ai-gateway-ai-gateway-default/api/food-item-recognition/,2023-03, AI Gateway ,Food Item Recognition,Model recognizing a wide variety of food items in images and video which include both dishes and ingredients. Understands over 500+ food types.,8.3,"20,189 ms",100%
https://rapidapi.com/smartclick-smartclick-default/api/logo-recognition/,2023-08, SmartClick ,Logo Recognition,"Logo & brand recognition API is a combination of logo detection and logo recognition technologies. The API first detects any part of the image that looks like a logo. As a second step, it compares all detected logos to existing logo samples in an internal database, thus returning the name of the brand, if it finds a match.",8.3,750 ms,100%
https://rapidapi.com/netspark-ltd-netspark-ltd-default/api/image-labels/,2023-02, Netspark LTD ,Image Labels,API for detecting labels that describes image,,,
https://rapidapi.com/engagehitsmail/api/fast-remove-background/,2023-09, Engage Hits ,Fast Remove Background,Removes background from images. Input can be file or base64 string.,8.4,"6,993 ms",100%
https://rapidapi.com/Ammar.Gaffar/api/accuocr/,2023-01, Ammar.Gaffar ,AccuOCR,Accurate optical character recognition (OCR) API for images support up to 112 languages,8.1,"1,498 ms",100%
https://rapidapi.com/DataToBiz/api/emotion-ai/,2022-11, DataToBiz ,Emotion AI,Find out the emotions of people in an image using AI.,,,
https://rapidapi.com/mkrtchyankaro-A_M729L_lrj/api/landmark-detection/,2023-06, Karo Mkrtchyan ,Landmark Detection,"Extract list of locations, name, boundingBox, score, locale and dimensions from image using (google vision landmark detection)",,,
https://rapidapi.com/farba/api/color-extractor-for-apparel2/,2021-11, farba ,Color Extractor for Apparel,Farba API helps developers get the right color from the clothing image.,,,
https://rapidapi.com/cloudlabs-dev/api/cloudlabs-face-detection/,2023-02, CLOUDLABS ,Cloudlabs Face Detection,An API used to quickly detect faces from an image file. Can detect up to 20 faces at a time.,,,
https://rapidapi.com/it4craigslist/api/blurfacestool/,2021-11, 247Apps Web Studio ,BlurFacesTool,"Blur multiple faces of a photo. Make a request with a URL or Base64Encoded String of a photo and receive a photo with faces blurred. Fast, less code, less load for your application and server. Save much more development time and for your software end-users. This API assists Software .exe applications, Web Apps and Mobile Apps. Built for Appraisers/ Realtors/ Manufacturers/ Alarm/ Security Companies to blur all faces on a photo. Sample: https://ibb.co/M8yrdJ5, https://ibb.co/0mJWLbM",,,
https://rapidapi.com/ai-gateway-ai-gateway-default/api/weapon-detection/,2023-03, AI Gateway ,Weapon Detection,AI for detecting whether images and video include weapons and the type.,,,
https://rapidapi.com/tumsgis/api/moderately/,2022-11, tumsgis ,Moderately,"Detect nudity, inappropriate, unwanted, or offensive content in images.",,,
https://rapidapi.com/Rede6866/api/power-image-label-detection-recognition/,2023-05, Adam ,"Power Image - Label, Detection, Recognition","Power AI Image processor with labelling, face recognition, text detection, landmark detection, logo detection and image property processing. Using both file stream and URL you can upload an image or provide a URL for fast image processing. Using Azure Front Door to take advantage of 118 edge locations worldwide and 4 instances in Europe, the US, Asia and Australia, this API’s average time is only 1.2s from post to the downloaded response.",,,
https://rapidapi.com/DataToBiz/api/face-detection25/,2022-11, DataToBiz ,Face Detection,Detect all the human faces present in an image with our Face Detection technology.,,,
https://rapidapi.com/netspark-ltd-netspark-ltd-default/api/nude-detect/,2021-11, Netspark LTD ,Nude Detect,"Use NetSpark's Nude and pornography image processing engine for high accuracy detection of nudity, sexuality and pornography in photos.Use the confidence rating to define an acceptable risk level for your audience. If you don't have tolerance for false positives we recommend defining 2% confidence as your limit for acceptable content. Supports most image file types {WEBP, PNG, JPG/JPEG, BMP}. GIF and TIFF file types will return an error.For support for larger volumes or for inspection of vide...",,,
https://rapidapi.com/macmashtu/api/image-trimming-correction/,2022-11, macmashtu ,Image trimming correction,Edge trimming and then deformation correction of the image,,,
https://rapidapi.com/softtech-china-softtech-china-default/api/face-recognition22/,2023-08, Softtech China ,Face Recognition,"Face recognition and liveness check API compares faces one-to-one and performs liveness check online for digital customer onboarding, account opening and access management.",,,
https://rapidapi.com/DataToBiz/api/person-re-identification/,2022-11, DataToBiz ,Person Re-Identification,Re-identify a person from the first image in the second image.,,,
https://rapidapi.com/macmashtu/api/removal-of-screen-lines-and-moire-lines/,2022-11, macmashtu ,Removal of screen lines and moire lines,"Supports removing various textures (screen lines, moire lines) produced by shooting the screen, restoring clear and realistic images. It is recommended to use in combination with the Enhanced Sharpening Filter.",,,
https://rapidapi.com/DataToBiz/api/mask-detection1/,2022-11, DataToBiz ,Mask Detection,Detect all the people not wearing masks in an image using our Mask Detection API.,,,
https://rapidapi.com/saasscaleup/api/passport-mrz-extract/,2023-01, ScaleUp SaaS ,Passport MRZ Extract,Scan MRZ from Passports documents and send the result back as JSON string.,,,
https://rapidapi.com/netspark-ltd-netspark-ltd-default/api/nude-detect-video/,2021-11, Netspark LTD ,Nude Detect (Video),"Use NetSpark's Nude and pornography image processing engine for high accuracy detection of nudity, sexuality and pornography in videos. Use the confidence rating to define an acceptable risk level for your audience. If you don't have tolerance for false positives we recommend defining 2% confidence as your limit for acceptable content. Supports most video hosting sites [YouTube, Vimeo, Facebook etc.). For support for larger volumes or for inspection of video content, contact us for a custom ...",,,
https://rapidapi.com/imrajsingh.is/api/img2qrcode/,2023-02, imrajsingh ,img2QrCode,Convert an Image (PNG) into a downaloadable QR Code,,,
https://rapidapi.com/rakuten.api/api/masking-personal-information/,2021-11, Arithmer API ,Masking Personal Information,This API masks the area containing personal information. Face or license plate can be selected as a masking target.,,,
https://rapidapi.com/gold-apis-gold-apis-default/api/face-detection27/,2022-11, Goldware APIs ,Face Detection,"GoldWare provides fast and accurate Face Detection at an unmatched price. 100,000 API calls per month for only $8.99.",,,
https://rapidapi.com/hello-io/api/nsfw-image-detection/,2021-11, hello-io ,NSFW Image Detection,"First Class NSFW. Detect explicit content from a public image url. Returns adult, spoof, medical, violence scores.",,,
https://rapidapi.com/hyperverge-hyperverge-default/api/hyperverge-face-recognition1/,2021-11, HyperVerge ,HyperVerge Face Recognition,"Offers highly accurate Deep Learning models for Face Liveness Verification, Face Match and Face Search (1:N). HyperVerge Face APIs have been used to process over 400 Million KYC checks across some of the largest banks, telcos, lenders and brokerages in the world. A NIST FRVT Top-100 solution",,,
https://rapidapi.com/ai4uAPI/api/remove-background2/,2021-11, ai4u ,Remove Background,"This API removes Images Background, leaving the object intact",,,
https://rapidapi.com/planet-kesten-planet-kesten-default/api/redactor-detector/,2021-11, Planet Kesten ,Redactor Detector,"Detect sensitive information inside images, PDFs or raw text, and redact it, for safe upload.",,,
https://rapidapi.com/volodimir.kudriachenko/api/IBMWatsonVisualRecognition/,2021-11, Volodimir Kudriachenko ,IBMWatsonVisualRecognition,"Tag images, isolate human faces, and train your own concept.",,,
https://rapidapi.com/ModerateContent/api/adult-image-detection/,2021-11, Moderate Content ,Adult Image Detection,Detect nudity in images.,,,
https://rapidapi.com/stefan.skliarov/api/AIception/,2021-11, Stefan Skliarov ,AIception,"Identify objects, faces and a person's age from an image.",4.4,"127,258 ms",0%
https://rapidapi.com/farba/api/color-extractor-for-apparel-2/,2021-11, farba ,Color Extractor for Apparel 2,API helps developers get the right color from the clothing image.,2.2,"7,407 ms",24%
https://rapidapi.com/barkal/api/instafly-pro/,2021-11, barkal ,instafly-pro,instafly pro version : Add some magic to your booking site,,,
https://rapidapi.com/asposecloud/api/aspose-omr-cloud1/,2021-11, Aspose Cloud ,Aspose.OMR Cloud,"Aspose.OMR Cloud is a REST API to recognize optical mark from OMR scanned sheet images in the cloud. The API allows capturing human-marked data from document forms such as surveys, questionnaires, multiple-choice examination paper and other tests.",,,
https://rapidapi.com/APILight/api/nsfw-nudity-image-classifier/,2021-11, APILight ,NSFW Nudity Image Classifier,Detects Nudity in an image,,,
https://rapidapi.com/ping-yVoVvAISk/api/porn-image-detection/,2021-11, XIEX ,Porn Image Detection,"Online pornographic image detection checks accurately and quickly whether an image is ‘normal’, ‘sexy’, or ‘pornographic’, helping users to distinguish porn images. This technology greatly increases the accuracy of pornographic content detection.",,,
https://rapidapi.com/nicolas.boulein/api/rectoverso-card-recognisation/,2021-11, nicolas boulein ,RectoVerso Card Recognisation,Cards Recognisation API,,,
https://rapidapi.com/bagi/api/age-face-detection/,2021-11, Volkan Sinar ,Age Face Detection,"Our Face Detection Api detecting location of human faces in your image with, Age and Gender.",,,
https://rapidapi.com/qaix/api/face-detection8/,2021-11, qaix ,Face Detection,"Fast, Reliable and Cost-Effective API to detect human faces in image.",,,
https://rapidapi.com/scientific-algorithm-scientific-algorithm-default/api/face-detection-and-recognition/,2021-11, Scientific Algorithm ,Face Detection and Recognition,"Using State of the Art Deep Learning model, Determine if a face appears in a picture and find the coordinates location of that face.",,,
https://rapidapi.com/simplesent/api/facial-emotion-recognition2/,2023-04, simplesent ,Facial Emotion Recognition,Perform human emotion detection analysis and return the dominant emotions displayed in the image.,,,
https://rapidapi.com/egiovannivo-FkRSXOQjWKu/api/face-detection31/,2023-01, Makersu ,Face Detection,Face Detection,,,
https://rapidapi.com/scientific-algorithm-scientific-algorithm-default/api/state-of-the-art-real-time-object-detection1/,2021-11, Scientific Algorithm ,State of the Art Real-Time Object Detection,Detect multiple objects in a picture at once based on state of the art Computer Vision Algorithm. Upload a picture and the API will return a response containing a description of all the objects in the picture and their locations.,0.0,"127,226 ms",0%
https://rapidapi.com/micaelbh/api/ocr-extract-text-image/,2022-11, MP Apis ,OCR - Extract text image,Extract texts from any images with great accuracy for any language.,,,
https://rapidapi.com/ailabapi-ailabapi-default/api/fix-closed-eyes/,2023-09, AILabTools ,Fix Closed Eyes,"Based on AI algorithm to transform the human eyes in the image, i.e. closed eyes to open eyes, the effect is realistic and natural. The main application scenarios are: intelligent photo restoration (through the eyes closed to eyes open technology, restoring the closed-eye photos captured to restore the moment of celebration), interactive entertainment (special effects production, to attract users to interact, participate and share).",,,
https://rapidapi.com/ailabapi-ailabapi-default/api/face-filters/,2023-09, AILabTools ,Face Filters,"Based on AI algorithm to simulate realistic makeup effect, it further enhances the face beautification effect by adding lipstick, highlighter, whole makeup and other makeup materials. Users can choose different beauty types and match with personalized beauty materials to complete the makeup look.",,,
https://rapidapi.com/dumiao1035396480/api/the-form-recognition/,2022-11, taindaidatong ,The form recognition,Form recognition and extrac key-value,,,
https://rapidapi.com/recognica-recognica-default/api/visionai/,2021-11, Recognica ,VisionAI,An AI service from Recognica that analyzes faces in images.,,,
https://rapidapi.com/aahashemi1380/api/fashion-classification/,2022-11, Amir Ali Hashemi ,Fashion Classification,This API allows you to predict the class of clothing items and accessories by inputting an image,0.0,518 ms,100%
https://rapidapi.com/holuzynets/api/auther-check/,2021-11, Yuriy Holuzynets ,Auther Check,"Plug and play the facial authentication into: point of sale, mobile app, self-checkouts, kiosk, ATM.",0.1,845 ms,100%
https://rapidapi.com/FitForPurposeTechnologies/api/halisi-animal-face-detection/,2022-11, FitForPurposeTechnologies ,Halisi-Animal Face Detection,Halisi Animal Face Detection API for detection of cow faces in images,,,
https://rapidapi.com/assembill.contact/api/template-based-ocr/,2021-11, Assembill App ,Template based OCR,Get Texts from specific selected areas / sections of your Images.,,,
https://rapidapi.com/Datachip/api/universal-facial-recognition/,2021-11, Datachip ,Universal Facial Recognition,Universal Facial Recognition API,,,
https://rapidapi.com/spot-vision-spot-vision-default/api/cars-detection/,2021-11, SpotVision ,Cars detection,This is best in the world API to detect cars on pictures,,,
https://rapidapi.com/Shouvik/api/face-landmarks/,2021-11, Shouvik ,Face Landmarks,"Given an image, returns the positions of facial features (eyes, nose, lips etc) for each face in the image.",,,
https://rapidapi.com/apiworker.com/api/color-detection/,2021-11, API Worker ,Color Detection,Detect Colors of the Objects in a Image,,,
https://rapidapi.com/ai-box-ai-box-default/api/pose-recognition/,2021-11, AI Box ,Pose Recognition,A single pose or multiple poses can be estimated from an image.,0.0,928 ms,44%
https://rapidapi.com/davidpicard6/api/celebrities-face-recognition/,2022-11, David Picard ,Celebrities face recognition,Find name (of celebrities) and position of face in pictures,0.0,782 ms,100%
https://rapidapi.com/dearbear-dearbear-default/api/car-license-plate-detection/,2023-03, DearBear ,Car License Plate Detection,Use an API to perform license plate or car recognition,0.1,"127,253 ms",0%
https://rapidapi.com/Macty/api/fashiontag/,2021-11, Macty ,Fashiontag,Tag images with fashion items,0.0,118 ms,0%
https://rapidapi.com/mantrateclimited/api/face-detection26/,2022-11, Mantra Softech India Pvt Ltd ,Face Detection,"Our Face Detection API detects and finds human faces within an image, and returns with high accuracy face bordering boxes. The Face Detect API accepts only images as input and each Image can have multiple faces and the API will return results for each face.",,,
https://rapidapi.com/FitForPurposeTechnologies/api/halisi-human-face-detection/,2022-11, FitForPurposeTechnologies ,Halisi-Human Face Detection,Halisi Human Face Detection API for detection of human faces in images.,,,
https://rapidapi.com/qaix/api/nsfw1/,2021-11, qaix ,NSFW,"Fast, Reliable and Cost-Effective API to detect NSFW images.",,,
https://rapidapi.com/APIvalidFace/api/apivalidface2/,2023-06, APIvalidFace ,APIvalidFace,"The APIvalidFace validates sent faces by comparing them with registered faces, with the return being a ""True"" or ""False""",,,
https://rapidapi.com/iliskhan/api/yolo-object-detection/,2023-02, iliskhan ,Yolo object detection,Api for object detection using yolo v3,,,
https://rapidapi.com/ailabapi-ailabapi-default/api/ai-face-slimming/,2023-09, AILabTools ,AI Face Slimming,"Based on AI algorithm to automatically detect and analyze the five features of the face, it generates images of the face after the five features are adjusted and slimmed down. When the image contains more than one person, up to 3 faces can be processed.",,,
https://rapidapi.com/ailabapi-ailabapi-default/api/face-beauty1/,2023-09, AILabTools ,Face Beauty,"Based on AI algorithm to optimize the beauty of the face in the image, it supports a variety of effects such as peeling, removing dark circles, lines, and whitening.",,,
https://rapidapi.com/abcdan/api/nsfw-rest/,2022-11, Daniel ,nsfw.rest,Scan images for NSFW material,,,
https://rapidapi.com/hello-KyC_74HIm/api/deepmind/,2021-11, Predict ,Deepmind,Detect different things in images.,,,
https://rapidapi.com/DataToBiz/api/face-matching/,2022-11, DataToBiz ,Face Matching,Match all the faces present in one image with the faces person in second image.,,,
https://rapidapi.com/ocraccurate/api/ocr25/,2021-11, accurate ocr ,ocr,Scene text OCR. Detect & recognize text lines in natural scenes.,,,
https://rapidapi.com/doubleyard-inc-doubleyard-inc-default/api/deepread-free-form-ai-ocr/,2022-11, DoubleYard Inc ,DEEPREAD Free Form - AI OCR,Accurate English and Japanese handwritten and printed text extraction through DEEPREAD’s smart AI OCR platform.,0.0,913 ms,0%
https://rapidapi.com/harrytom2606/api/easy-sfw/,2021-11, Harry Tom ,Easy SFW,An API to detect NSFW images easily by url!,,,
https://rapidapi.com/area123flex-iRcVLSt3Dia/api/keyword-in-picture/,2021-11, Capo ,Keyword in Picture,Search for certain Keywords in images with OCR.,,,
https://rapidapi.com/hudvin/api/khumbu-image-analysis/,2021-11, Vadym Bartko ,Khumbu Image Analysis,"All-in-one image analysis endpoint. Send image and get faces, objects,tags, nsfw score etc in just one call!",,,
https://rapidapi.com/belchiorarkad-FqvHs2EDOtP/api/vin-recognition-decoder/,2023-02, Pinto Studio ,VIN Recognition/Decoder,"This API extract vin from a ID cards, labels, receipts, invoices, documents, barcodes, etc and returns the information such as the manufacturer, model, year, country of origin and much more..",0.1,"30,489 ms",4%
https://rapidapi.com/farhanxz97/api/image-recognition4/,2022-11, farhan Xz ,Image Recognition,Combination of machine vision and artificial intelligence to identify object by image.,,,
https://rapidapi.com/ai-gateway-ai-gateway-default/api/logo-detection-v3/,2023-03, AI Gateway ,Logo Detection V3,"Detects logos in images from more than 10,000 logos. Can be on clothing, food, sign, etc.",,,
https://rapidapi.com/scientific-algorithm-scientific-algorithm-default/api/image-classification1/,2021-11, Scientific Algorithm ,Image Classification,State of the Art image classification algorithm. Upload a picture and the api will send you back a response containing all the elements in the image.,,,
https://rapidapi.com/uolabs-technology-uolabs-technology-default/api/insect-counter-for-yellow-sticky-traps/,2022-11, UoLabs Technology ,Insect Counter for yellow sticky traps,"Send a yellow sticky trap image and find out the count of big, medium, small and white insects.",,,
https://rapidapi.com/api-kit-api-kit-default/api/ocr-kit-extract-image-text/,2021-11, API Kit ,OCR Kit - Extract Image Text,"Simple API for extracting text from image, support 100+ languages.",,,
https://rapidapi.com/dearbear-dearbear-default/api/face-and-medical-mask-detection/,2023-03, DearBear ,Face and medical mask detection,"This API detects faces and the presence of medical masks, identifies if masks are being worn correctly",0.0,"127,250 ms",0%
https://rapidapi.com/arsa-technology-arsa-technology-default/api/indonesia-vehicle-analysis-and-lpr/,2023-06, ARSA Technology ,Indonesia Vehicle Analysis and LPR,"An API which provides advanced capabilities to count, analyze, and perform License Plate Recognition (LPR) on vehicles within an image. It accurately identifies and outputs the locations of vehicles, extracts license plate numbers, determines vehicle color, and classifies vehicle types for comprehensive analysis and monitoring purposes.",,,
https://rapidapi.com/shanesoysa/api/hair-colour-detection/,2021-11, shanesoysa ,Hair Colour Detection,This API is capable of detecting hair colour from a person's image using deep neural network with high accuracy .,,,
https://rapidapi.com/Rakeda/api/bioid/,2021-11, Rakeda ,BioID,Facial Authentication over API! Use our ML model to identify faces!,,,
https://rapidapi.com/kycit/api/passport-visa-id-ocr/,2023-03, kyc-it ,Passport/Visa/Id OCR,"Asynchronous high-load API for recognition of proof of identity documents (ICAO 9303, ~200 countries).",,,
https://rapidapi.com/shgidi/api/faceblur/,2022-11, Shgid ,faceBlur,faceBlur,,,
https://rapidapi.com/boozery-ai-boozery-ai-default/api/liquor-recognition/,2022-11, Boozery AI ,Liquor Recognition,"Recognize labels on liquor bottles quickly, with over 25,000 different labels to choose from. The results include information on the liquor brand and the kind of spirit.",0.0,"8,710 ms",40%
https://rapidapi.com/theslowramp/api/nsfw-detection/,2021-11, no no ,NSFW Detection,NSFW (nudity) detection,,,
https://rapidapi.com/ailabapi-ailabapi-default/api/facial-aesthetics/,2023-09, AILabTools ,Facial Aesthetics,"Based on AI algorithm to adjust the five facial parts in detail, the adjustment content is: face, eyes, nose, mouth, other, etc.",,,
https://rapidapi.com/nguyentrungtu1996/api/identity-verification-from-id/,2023-05, Tu Nguyen ,Identity Verification From ID,"Quickly check whether a user's face and name match what's on their government-issued ID (driver's license, passport, etc.)",0.0,"7,381 ms",100%
https://rapidapi.com/ncewebapps/api/ocr-image-to-text1/,2021-11, Ricardo Jose Aranha Wierzynski ,OCR Image to Text,"OCR API that converts images to text, with support to 20+ languages.",,,
https://rapidapi.com/golden-mort-golden-mort-default/api/ocr-extract-text-from-image1/,2023-06, Golden Mort ,OCR - Extract Text from Image.,ORC - API to process images and extract text. Supports over 100 languages.,0.0,"127,268 ms",0%
https://rapidapi.com/aih-technology-aih-technology-default/api/fraas/,2021-11, AIH Technology ,FRaaS,Video & Images Facial Recognition,,,
https://rapidapi.com/ai-box-ai-box-default/api/person-recognition/,2021-11, AI Box ,Person Recognition,Recognite person in images.,,,
https://rapidapi.com/btzemil/api/simple-ocr-image-to-text/,2021-11, Side Quest ,Simple OCR Image to Text,"Convert your images to text using this API that returns a json object with the extracted text in a string format. Perfect for images, books with typed text. Please input a clean image without noise for the best results.",,,
https://rapidapi.com/facehawk/api/tasdeeq-api/,2021-11, facehawk ,TASDEEQ API,TASDEEQ API,,,
https://rapidapi.com/cstayyab/api/webpage-nsfw-detection/,2021-11, Muhammad Tayyab Sheikh ,Webpage NSFW Detection,Detects if a Webpage is NSFW based on Full-Page Screenshot of the given URL,,,
https://rapidapi.com/cameralyze-cameralyze-default/api/cameralyze1/,2022-11, Cameralyze ,Cameralyze,Cameralyze is a no-code platform that has lots of AI components and algorithms.,,,
https://rapidapi.com/lugo-test-lugo-test-default/api/face-comparison-api/,2023-06, LuGo-Test ,Face Comparison API,"The Face Comparison API, designed to compare two images: a source image and a target image. Its primary functionality is to determine whether the face present in the source image appears in the target image.",,,
https://rapidapi.com/ailabapi-ailabapi-default/api/facial-landmark-detection1/,2023-09, AILabTools ,Facial Landmark Detection,"Supports 72 key points, 150 key points, and 201 key points of face detection. Key points include face, eyes, eyebrows, lips and nose contour, etc. This service has the following three business functions:",,,
https://rapidapi.com/ai-box-ai-box-default/api/number-plate-recognition/,2021-11, AI Box ,Number Plate Recognition,Number Plate Recognition,0.0,"27,590 ms",0%
https://rapidapi.com/gellomendez1990/api/captcha-solving/,2023-03, gello amolta ,CAPTCHA SOLVING,solver service for recaptcha v2 and recaptcha v3,0.1,117 ms,0%
https://rapidapi.com/asposecloud/api/aspose-ocr-cloud/,2021-11, Aspose Cloud ,Aspose OCR Cloud,Text Extraction REST API that uses OCR to recognize and extract characters of various languages from images.,0.0,789 ms,100%
https://rapidapi.com/fordshire9/api/ocr-text-extract/,2021-11, fordshire9 ,OCR text extract,"A Powerful optical image character recognition (OCR) for over 20 languages and with machine-zone readable support. Ideal for a wide range of use-cases, including but not limited to receipt and invoice scanning as well as general image-based text retrieval, the default service allows you to POST a images up to 5MB for analysis. If you require larger images, or PDF scans, please contact us for an invitation to a custom plan.",0.0,"127,508 ms",0%
https://rapidapi.com/plate-recognizer-alpr-plate-recognizer-alpr-default/api/plate-recognizer-snapshot/,2021-11, Plate Recognizer ALPR ,Plate Recognizer Snapshot,"Plate Recognizer ALPR decodes license plate, vehicle make, model, color and other attributes in 90+ countries.",0.0,565 ms,100%
https://rapidapi.com/icontinuum-icontinuum-default/api/vinscanapi-com/,2021-11, iContinuum ,Vinscanapi.com,An API that scans an image of a V.I.N. (Vehicle Identification Number) Tag or Label and returns the V.I.N. as a validated string. The result can also be extended to provide a fully qualified vehicle information for the scanned V.I.N..,,,
https://rapidapi.com/castrio-castrio-default/api/ai-visual-recognition/,2022-11, Castrio AI ,AI Visual Recognition,Analyze image content at remarkable speeds.,,,
https://rapidapi.com/edgarsimoes/api/crop-business-cards/,2023-04, edgarsimoes ,Crop Business Cards,"This API detects image image after processing, where the business card appears cropped and enhanced from the original image.",,,
https://rapidapi.com/sensorai-sensorai-default/api/id-masking/,2022-11, Sensor AI ,ID Masking,本人確認書類の自動マスキング (５種類対応、日本国内専用),,,
https://rapidapi.com/ailabapi-ailabapi-default/api/face-mosaic/,2023-09, AILabTools ,Face Mosaic,Based on AI algorithm to intelligently identify the range of faces in the image and blur the faces in the image.,,,
https://rapidapi.com/5tech/api/to-extract-text-and-tables-from-your-documents/,2022-11, 5tech ,to extract text and tables from your documents,"Analyzes your forms and documents, extracts text and data, maps field relationships as key-value pairs, and returns a structured JSON output. You quickly get accurate results that are tailored to your specific content without excessive manual intervention or extensive data science expertise. Use this API to automate your data processing in applications and workflows, enhance data-driven strategies, and enrich document search capabilities.This Api is using advanced machine learning technology ...",0.0,"109,700 ms",0%
https://rapidapi.com/startz/api/deep-face-detection/,2021-11, startz ,Deep Face Detection,Use our face recognition API to recognize the position of human faces in your images with optional additional functions such as age and gender.,,,
https://rapidapi.com/integraatio/api/ocr-text-extractor/,2021-11, integraatio ,OCR Text Extractor,"Powerful image optical character recognition (OCR) for over 20 languages and with machine-readable-zone support. Perfect for a wide range of use-cases, including but not limited to receipt and invoice scanning as well as general image-based text extraction, the default service currently allows you to POST an image of up to 1MB for analysis. If you require larger images, or PDF scans, please contact us for invitation to a custom plan.",0.0,"1,307 ms",100%
https://rapidapi.com/ai-box-ai-box-default/api/object-detection2/,2021-11, AI Box ,Object Detection,Image Object Detection and Classification.,,,
https://rapidapi.com/ailabapi-ailabapi-default/api/face-fusion1/,2023-09, AILabTools ,Face Fusion,"Based on computer vision technologies such as 3D face and adversarial generative networks, the image fusion operation is performed on the portraits in the stencil image and the fusion image, and the fused image is returned.",0.0,"1,248 ms",100%
https://rapidapi.com/solomin60/api/image-recognition-and-prediction/,2021-11, Соломін Олександр ,Image recognition and prediction,Detect objects on images or predict what is on image.,,,
https://rapidapi.com/bagi/api/object-detection4/,2021-11, Volkan Sinar ,Object Detection,Detects object in given image url .,,,
https://rapidapi.com/seven0525/api/face-golden-ratio/,2021-11, Taichi Watanabe ,face-golden-ratio,顔を認識し各項目のバランス値などを計測する,,,
https://rapidapi.com/everypixel/api/age-recognition-by-everypixel/,2021-11, everypixel ,Age Recognition by Everypixel,AI to detect an age of people on photos,0.0,71 ms,100%
https://rapidapi.com/serg.osipchuk/api/AWSRekognition/,2021-11, Serg Osipchuk ,AWSRekognition,"Detect objects, scenes, and faces in images",0.0,"127,253 ms",0%
https://rapidapi.com/vinvomero/api/foxy-ai/,2021-11, FoxyAI ,Foxy AI,Unlock The Hidden Value Of Your Real Estate Photos,,,
https://rapidapi.com/lazy-learners-lazy-learners-default/api/nsfw-classifier4/,2021-11, Lazy Learners ,NSFW Classifier,Content Moderation API for classifying nudity/adult/18+ contents,0.0,"60,106 ms",100%
https://rapidapi.com/Pixcleaner/api/background-remover5/,2021-11, Pixcleaner ,Background Remover,PixCleaner offers a REST API that allows you to easily use and interact with our service programmatically. Using our HTTP interface integrate our background removal features into any business or application.,0.0,"1,055 ms",100%
https://rapidapi.com/brighter-ai-brighter-ai-default/api/brighter-ai-identity-protection-suite/,2021-11, brighter AI ,brighter AI Identity Protection Suite,"brighter AI’s Identity Protection Suite (IPS) offers various solutions to automatically redact faces and license plates on images and videos with the highest quality. Protect personally identifiable information in images and videos against identification through facial or license plate recognition software and comply with data privacy regulations. Anonymise image and video material without losing compatibility with analytics and machine learning through our unique DNAT solution. Speed up public data collection and data sharing across domains, such as autonomous driving, video analytics, labelling, and video management systems.",,,
https://rapidapi.com/expressapi-pdf/api/pdf-ocr2/,2023-02, ExpressAPI ,PDF OCR,This API extracts texts from pdf with high accuracy,0.0,248 ms,0%
https://rapidapi.com/nenadmarkus/api/face-detection29/,2022-11, nenadmarkus ,Face detection,"Upload an image and get a list of face locations. Simple, fast and reliable.",,,
https://rapidapi.com/lazy-learners-lazy-learners-default/api/nsfw-detector/,2021-11, Lazy Learners ,NSFW Detector,Better for censoring images. Detect nudity/adult/18+ contents and return an image with bounding boxes.,0.0,476 ms,0%
https://rapidapi.com/akashdev2016/api/prenes-face-analyzer/,2021-11, Prenes ,Prenes Face Analyzer,"Face Detection API, Face Liveness API for anti-spoofing. (Whatsapp: +14422295661, Telegram: @jareddean, Gmail: jareddean108@gmail.com)",,,
https://rapidapi.com/admin-cmorqvPR1/api/ocr-id/,2023-02, Shane Davey ,OCR ID,OCR ID CHECK,,,
https://rapidapi.com/zhuxiaoming0225/api/test-ocr2/,2022-11, zhu xiaoming ,test-ocr,test-ocr,,,
https://rapidapi.com/neurotechnology-neurotechnology-default/api/sentisight/,2022-11, Neurotechnology ,SentiSight,This is the SentiSight.ai Public API. You can find out more about SentiSight.ai at https://www.sentisight.ai/.,,,
https://rapidapi.com/eyeq-tech-eyeq-tech-default/api/ekyc-for-asia/,2021-11, EyeQ Tech ,EKYC for Asia,"EKYC for Asia's Population, used by Banks and Fintech Across Asia",,,
https://rapidapi.com/andywu221022/api/face-liveness-anti-spoofing-detection/,2021-11, AndyWu ,face liveness anti spoofing detection,face liveness detection - anti spoofing,,,
https://rapidapi.com/ravinwip/api/informationextraction1/,2021-11, ravina ,InformationExtraction,"This API extracts text information from a US Driving License document which is to be uploaded, in the form of Key-Value Pair",,,
https://rapidapi.com/Nikit333/api/face-anti-spoofing/,2021-11, Skype (live:turing311) ,Face Anti Spoofing,https://github.com/Nikit333,,,
https://rapidapi.com/Ugyenwangdi/api/kewa-doctor/,2022-11, Ugyenwangdi ,Kewa Doctor,Classify the disease of a potato leaf,0.0,346 ms,100%
https://rapidapi.com/captchaaiio/api/datadome-solver1/,2023-07, CapSolver ,Datadome-Solver,DataDome Captcha Solver Read this blog: https://www.capsolver.com/blog/how-to-solve-datadome And this documentation: https://docs.capsolver.com/guide/antibots/datadome.html You will be able to solve DataDome captcha without effort using Capsolver API.,,,
https://rapidapi.com/arditvoltox/api/voltox-ocr/,2021-11, arditvoltox ,Voltox OCR,Ocr for voltox ocr,,,
https://rapidapi.com/computervisionapis-computervisionapis-default/api/computervisionapis1/,2023-02," Face Recognition / Liveness Detection, OCR, KYC, AML ",ComputerVisionAPIs,"Face Recognition / Liveness Detection, License Plate / Credit Card / ID Card / Passport / Bank Check Document Recognition (Check Tutorials for Usage)",0.1,83 ms,0%
https://rapidapi.com/avaj/api/facedetection9/,2021-11, Julian RIß ,FaceDetection,Lightweight face detection API,,,
https://rapidapi.com/KOSASIH/api/megastorm/,2023-01, KOSASIH ,Megastorm,Security system,,,
